MODEL,VENDORMODEL,MAKE,NEW,MSRP,MAP,PRICE,MC,DESCRIPTION
DEHS1200UB,DEH-S1200UB,PIONEER,X,120,110,72,8,UL-Low USB
DEHS4220BT,DEH-S4220BT,PIONEER,X,170,130,96,8,UL-Low BT iPod
DEHS6220BS,DEH-S6220BS,PIONEER,X,230,200,124.8,8,UL-Low BT RGB
DEHS7200BHS,DEH-S7200BHS,PIONEER,X,280,250,152,8,2UL-Low BT HD/DAB RGB
FHS520BT,FH-S520BT,PIONEER,X,200,180,120,4,UL-Low FH BT
FHS722BS,FH-S722BS,PIONEER,X,260,230,140.6,4,2DIN CD RCVR W/USB IPOD BT & MIXTRAX
MVHS322BT,MVH-S322BT,PIONEER,X,150,130,80,8,DMR-Low BT
MVHS522BS,MVH-S522BS,PIONEER,X,190,170,112,8,DMR-Low BT RGB
MVHS622BS,MVH-S622BS,PIONEER,X,200,180,117,8,FH DMR-Low BT RGB
MVHS720BHS,MVH-S720BHS,PIONEER,X,220,190,124.8,8,DMR-Low BT HD/DAB RGB
AVH241EX,AVH-241EX,PIONEER,X,380,330,201.47,4,21XL Connected AVH 6.2 BT
AVH2550NEX,AVH-2550NEX,PIONEER,X,750,650,401.5,6,"Multimedia RCVR W/7"" DSPLY/ BT/HD/ APP"
AVH3500NEX,AVH-3500NEX,PIONEER,X,930,830,511,4,"1DIN Multimedia DVD recvr w/7"" WVGA touc"
AVHW4500NEX,AVH-W4500NEX,PIONEER,X,1200,1000,648.9,4,"RCVR w/7.0"" WiFi Wireless CP/AA det.scrn"
DMH1800NEX,DMH-1800NEX,PIONEER,X,420,280,210.93,6,"2D AV MF 6.8"" BT Capac Mechaless CP/AA"
DMH2000NEX,DMH-2000NEX,PIONEER,X,420,430,270.1,6,Wired CP/AA Multimedia Digital Media Rec
DMH241EX,DMH-241EX,PIONEER,X,300,250,139.5,6,"21XL Connected AV MF 6.2"" BT"
DMH342EX,DMH-342EX,PIONEER,X,350,300,186.55,6,21XL Connected AV MF 6.8 BT Capacitive
DMHC2550NEX,DMH-C2550NEX,PIONEER,X,600,520,338.36,4,Non-Din separate 6.8'' BT HD Derivative
DMHC5500NEX,DMH-C5500NEX,PIONEER,X,900,750,488.74,4,Non-Din separate 8'' BT CP/AAP HD
DMHW3000NEX,DMH-W3000NEX,PIONEER,X,540,380,292,6,Wireless CP/AA Multimedia Dig. Media Rec
DMHW3050NEX,DMH-W3050NEX,PIONEER,X,550,420,328.5,6,Wireless CP/AA Multimedia Dig Media Rec
DMHW4660NEX,DMH-W4660NEX,PIONEER,,750,550,438,6,"2D 6.8"" BT WiFi Wireless CP/AAP HD"
DMHWC5700NEX,DMH-WC5700NEX,PIONEER,X,850,750,542.29,4,"Non-DIN/DMH Main 6.8"" BT WiFi CP/AAP HD"
DMHWC6600NEX,DMH-WC6600NEX,PIONEER,X,1200,1100,792,4,"Non-Din 9"" BT WiFi Wireless CP/AAP HD"
DMHWT5000NEX,DMH-WT5000NEX,PIONEER,X,1200,650,511,4,"25MID-DA 1D DMH 9""WSVGA Floating BT WiFi"
DMHWT6000NEX,DMH-WT6000NEX,PIONEER,X,1300,900,657,4,"24MID-DA 1D 10.1"" Floating Wireless"
ADTVA133,ADT-VA133,PIONEER,,60,0,39.45,12,2 DIN INSTALLATION KIT NAVI / AV
AVICW8600NEX,AVIC-W8600NEX,PIONEER,X,1800,1500,778.68,4,"Nex Navi rcvr w/7""screen Carplay BT HD S"
NDBC011,ND-BC011,PIONEER,,120,100,75,20,Universal Rear View Camera
RDRGB150A,RD-RGB150A,PIONEER,X,200,150,77.25,20,"Extended RGB, Power, Radio Antenna Cable"
GMDX104,GM-DX104,PIONEER,X,320,270,127.46,1,Class D 4-Channel Bridgeable Amplifier
GMDX871,GM-DX871,PIONEER,X,270,250,144.75,4,"1-CHANNEL AMP, Low Derivative"
GMDX874,GM-DX874,PIONEER,X,300,270,156.33,4,"1 4-CHANNEL AMP, Low Derivative"
GMDX971,GM-DX971,PIONEER,X,550,470,202.65,4,"1-CHANNEL AMP, 2400w max power"
GMDX975,GM-DX975,PIONEER,X,650,550,243.18,4,GM-D 5ch AMP Derivative
TSA1081F,TS-A1081F,PIONEER,,110,90,45,12,"TS-A 4"" 2way Coax (PAIR)"
TSA120D4,TS-A120D4,PIONEER,X,145,70,0,3,"12"" champion series Subwoofer w/ dual 4o"
TSA1301C,TS-A1301C,PIONEER,,170,140,70,10,"TS-A 5-1/4"" 2Way Component (PAIR)"
TSA1371F,TS-A1371F,PIONEER,,110,0,45,10,TS-A 13cm 3Way Coax (PAIR)
TSA1601C,TS-A1601C,PIONEER,,180,150,75,8,TS-A 16.5cm 2Way Component (PAIR)
TSA1671F,TS-A1671F,PIONEER,,110,0,45,10,TS-A 16.5cm 3Way Coax Shallow (PAIR)
TSA1681F,TS-A1681F,PIONEER,,130,110,55,8,"TS-A 6-1/2"" 4way Coax (PAIR)"
TSA2000LB,TS-A2000LB,PIONEER,X,320,200,103,1,A-Series 20cm Shallow Box Subwoofer 2ohm
TSA2000LD2,TS-A2000LD2,PIONEER,X,280,160,82.4,6,A-Series 20cm Shallow Subwoofer D2
TSA2500LB,TS-A2500LB,PIONEER,X,240,240,123.6,1,A-series 25cm shallow BOX subwoofer 2ohm
TSA2500LS4,TS-A2500LS4,PIONEER,X,220,170,87.55,4,A-series 25cm shallow subwoofer S4
TSA250D4,TS-A250D4,PIONEER,X,120,100,51.5,3,"10"" chmpn series Sbwfr w/ dual 4ohm voic"
TSA25S4,TS-A25S4,PIONEER,X,95,80,42.38,2,Entry 25cm Subwoofer S4 (1200w/350w)
TSA3000LB,TS-A3000LB,PIONEER,X,210,280,144.2,1,A-Series 30cm Shallow Box Subwoofer 2ohm
TSA3000LS4,TS-A3000LS4,PIONEER,X,200,180,92.7,3,A-series 30cm shallow subwoofer S4
TSA301D4,TS-A301D4,PIONEER,X,165,140,70,2,CHAMPION SUBWOOFER
TSA301S4,TS-A301S4,PIONEER,X,155,130,65,2,CHAMPION SUBWOOFER
TSA301TW,TS-A301TW,PIONEER,,65,55,27.5,20,TS-A Tune-up Tweeter (PAIR)
TSA4103,TS-A4103,PIONEER,,145,120,61.8,6,2 WAY 4X10 120W SPEAKER (PAIR)
TSA4671F,TS-A4671F,PIONEER,,110,0,45,20,"TS-A 4"" X 6"" 4WAY COAX (PAIR)"
TSA653CH,TS-A653CH,PIONEER,,180,150,75,8,"TS-A 6 1/2"" 2WAY COMPONENT (PAIR)"
TSA653FH,TS-A653FH,PIONEER,,120,100,50,10,"TS-A 6 1/2"" 2WAY COAX (PAIR)"
TSA683FH,TS-A683FH,PIONEER,,120,100,50,10,"TS-A 6"" X 8"" 2WAY COAX (PAIR)"
TSA6881F,TS-A6881F,PIONEER,,110,0,45,10,"TS-A 6"" x 8"" 4Way Coax (PAIR)"
TSA6901C,TS-A6901C,PIONEER,,180,150,75,6,"TS-A 6"" X 9"" 2Way Component (PAIR)"
TSA693CH,TS-A693CH,PIONEER,,180,150,75,6,"TS-A 6"" X 9"" 2WAY COMPONENT (PAIR)"
TSA693FH,TS-A693FH,PIONEER,,130,110,55,5,"TS-A 6"" X 9"" 2WAY COAX (PAIR)"
TSA6961F,TS-A6961F,PIONEER,,110,0,45,5,"TS-A 6"" X 9"" 4Way Coax Shallow (PAIR)"
TSA6971F,TS-A6971F,PIONEER,,130,110,55,5,"TS-A 6"" X 9"" 4Way Coax Shallow (PAIR)"
TSA6991F,TS-A6991F,PIONEER,,150,130,65,5,"TS-A 6"" x 9"" 5way Coax (PAIR)"
TSA6991FH,TS-A6991FH,PIONEER,,180,160,80,4,"TS-A 6"" x 9"" 5way Coax (PAIR)"
TSA709,TS-A709,PIONEER,,80,60,39.36,12,"2.75"" LARGE-TYPE TWEETER (PAIR)"
TSA878,TS-A878,PIONEER,,70,50,33.79,12,"3-1/2""CUSTOM FIT INDASH 2WAY SPKR (PAIR)"
TSD10D2,TS-D10D2,PIONEER,X,240,160,98.4,3,"10"" D2 Subwoofer"
TSD10D4,TS-D10D4,PIONEER,X,240,160,98.4,3,"10"" D4 Subwoofer"
TSD10LB,TS-D10LB,PIONEER,X,340,180,123.6,10,D-series 25cm Shallow enclosed subwoofer
TSD10LS2,TS-D10LS2,PIONEER,X,260,180,110.43,4,D-series 25cm Shallow subwoofer S2
TSD10LS4,TS-D10LS4,PIONEER,X,260,180,110.43,4,D-series 25cm Shallow subwoofer S4
TSD12D2,TS-D12D2,PIONEER,X,260,180,108.95,3,"12"" D2 Subwoofer"
TSD12D4,TS-D12D4,PIONEER,X,260,180,108.95,3,"12"" D4 Subwoofer"
TSD65C,TS-D65C,PIONEER,X,250,170,103.52,4,"6-1/2"" Component Speaker pkg (pair)"
TSD65F,TS-D65F,PIONEER,X,210,130,78.95,6,"6.5"" 2-way Speaker (pair)"
TSD68F,TS-D68F,PIONEER,X,220,140,85.1,6,"6 x 8"" 2way Speaker (pair)"
TSD69C,TS-D69C,PIONEER,X,260,180,110.7,4,"6 x 9"" Component Speaker pkg (pair)"
TSD69F,TS-D69F,PIONEER,X,240,160,98.4,4,"6 x 9"" 2way Speaker (pair)"
TSG1020S,TS-G1020S,PIONEER,X,65,0,30.9,16,4 INCH 2 WAY SPEAKER (PAIR)
TSG1320S,TS-G1320S,PIONEER,X,65,0,30.9,16,"5 1/4"" 2 way speaker (pair)"
TSG1620F,TS-G1620F,PIONEER,X,65,0,30.9,12,"6 1/2"" 2-WAY SPEAKER (Pair)"
TSG4620S,TS-G4620S,PIONEER,X,65,0,30.9,20,"4"" x 6"" 2-WAY SPEAKER (Pair)"
TSG6820S,TS-G6820S,PIONEER,X,65,0,30.9,8,"6 x 8"" 2-WAY SPEAKER (Pair)"
TSG6930F,TS-G6930F,PIONEER,X,80,0,36.05,6,"6 x 9"" 2-WAY SPEAKER (Pair)"
TST110,TS-T110,PIONEER,,55,50,27.3,12,7/8 IN COMP. HARD DOME TWEETER (PAIR)
TSWX1010A,TS-WX1010A,PIONEER,X,390,330,123.6,1,"10"" Active Subwoofer"
TSWX1210A,TS-WX1210A,PIONEER,X,420,370,133.9,1,"12"" Active Subwoofer"
TSX210,TS-X210,PIONEER,X,190,160,88.66,1,TS-A 16.5CM 3WAY COAX SHALLOW 320W
TSZ10LS2,TS-Z10LS2,PIONEER,X,350,250,160,3,"10"" Shallow S2 Subwoofer"
TSZ10LS4,TS-Z10LS4,PIONEER,X,350,250,160,3,"10"" Shallow S4 Subwoofer"
TSZ65C,TS-Z65C,PIONEER,,350,250,160,4,"6.75"" Component Speaker pkg (pair) 100W"
TSZ65CH,TS-Z65CH,PIONEER,,400,300,190,4,"6.75"" Component Speaker pckg (pair) 110W"
TSZ65F,TS-Z65F,PIONEER,,300,200,130,6,"6.75"" 2way Speaker (pair)"
UDRP351PRO,UD-RP351PRO,PIONEER,,40,0,0,36,Repair Kit for TS-B351PRO
UDRP401PRO,UD-RP401PRO,PIONEER,,45,0,0,36,Repair Kit for TS-B401PRO
MVHMS512BS,MVH-MS512BS,PIONEER,,170,180,100.5,8,"DIGITAL MEDIA RCVR W/USB IPOD, RGB & BT"
TSMR1600,TS-MR1600,PIONEER,X,80,70,38.3,6,"Marine speaker 6 1/2"" dual cone (pair)"
TSMR1640,TS-MR1640,PIONEER,X,130,120,60.5,6,16CM MARINE SPEAKERS 2 WAY 160W
TSMR2040,TS-MR2040,PIONEER,X,200,180,90.5,3,20CM MARINE SPEAKERS
RDHWK300,RD-HWK300,PIONEER,X,30,20,18,20,HARD WIRE KIT FOR DASHCAM
VRECH120SC,VREC-H120SC,PIONEER,X,100,80,72,20,"Dashcam 1 Camera, FHD"
VRECH520DC,VREC-H520DC,PIONEER,X,220,180,162,20,Dashcam Rear Camera 2K + FHD
VRECZ820DC,VREC-Z820DC,PIONEER,X,260,220,198,20,Dashcam Rear Camera 2K + FHD
