Model,Item,Make,Description,UPC,MAP,Sheet,MP Qty,MP Weight,MP Length,MP Width,MP Height,Unit Weight,Unit Length,Unit Width,Unit Height
18WRNGLERSTG5,18WRNGLER-STG5,ROCKFORD,"1,800 Watt All-In-One Audio Kit for Select 2018-2023 Jeep Wrangler JL",780687360481,"$4,499.99","$3,000.00", 1 , 109.0 , 62.5 , 22.0 , 25.3 , 109.0 , 62.5 , 22.0 , 25.3 
20GLADRSTG5,20GLADR-STG5,ROCKFORD,"1,800 Watt All-In-One Audio Kit for Select 2020+ Jeep Gladiator JT",780687364304,"$4,499.99","$3,000.00", 1 , 101.0 , 62.5 , 22.0 , 25.3 , 101.0 , 62.5 , 22.0 , 25.3 
24WRNGLERSTG3,24WRNGLER-STG3,ROCKFORD,"1,800 Watt All-In-One Audio Kit for Select 2024+ Jeep Gladiator JL",780687366902,"$3,499.99","$2,310.00", 1 , 69.0 , 37.5 , 19.5 , 27.5 , 69.0 , 37.5 , 19.5 , 27.5 
WRNGLRTRIM,WRNGLR-TRIM,ROCKFORD,Trim Kit for Jeep Wrangler JL with OEM Premium Audio,780687360474,$439.99,$330.00, 1 , 17.6 , 48.0 , 18.5 , 27.5 , 17.6 , 48.0 , 18.5 , 27.5 
T400X2AD,T400X2AD,ROCKFORD,"2 channel amplifier 
200x2 @ 4Ω, 200x2 @ 2Ω, 400x1 @ 4Ω bridged",780687342371,$459.99,$281.00, 4 , 11.8 , 14.0 , 6.8 , 9.8 , 3.0 , 6.5 , 10.0 , 3.5 
T400X4AD,T400X4AD,ROCKFORD,"4 channel amplifier 
100x4 @ 4Ω, 100x4 @ 2Ω, 200x2 @ 4Ω bridged",780687342388,$569.99,$339.00, 4 , 13.4 , 14.0 , 7.0 , 11.3 , 3.4 , 3.5 , 6.5 , 11.3 
T1000X5AD,T1000X5AD,ROCKFORD,"5 channel amplifier 100x4 + 400x1 @ 4Ω,
100x4 + 600x1 @ 2Ω, NA + 600x1 @ 1Ω",780687345181,$949.99,$567.00, 4 , 20.2 , 14.0 , 6.5 , 14.8 , 5.1 , 14.3 , 6.0 , 3.3 
T750X1BD,T750X1BD,ROCKFORD,"Mono amplifier 
500x1 @ 4Ω, 750x1 @ 2Ω, 750x1 @ 1Ω",780687345198,$549.99,$330.00, 4 , 13.6 , 14.3 , 14.3 , 11.5 , 3.4 , 10.5 , 6.0 , 3.5 
T4004,T400-4,ROCKFORD,"4 channel amplifier 
60x4 @ 4Ω, 100x4 @ 2Ω, 200x2 @ 4Ω bridged",780687324469,$439.99,$264.00, 2 , 24.8 , 12.0 , 11.5 , 19.0 , 12.4 , 18.0 , 11.5 , 5.3 
T6004,T600-4,ROCKFORD,"4 channel amplifier 
100x4 @ 4Ω, 150x4 @ 2Ω, 300x2 @ 4Ω bridged",780687324483,$659.99,$396.00, 2 , 27.8 , 21.0 , 12.0 , 12.0 , 13.9 , 19.0 , 11.5 , 5.3 
T10004AD,T1000-4AD,ROCKFORD,"4 channel amplifier 
250x4 @ 4Ω, 250x4 @ 2Ω, 250x4 @ 1Ω, 500x2 @ 2Ω bridged",780687329976,"$1,099.99",$660.00, 2 , 29.4 , 12.0 , 12.0 , 21.3 , 14.7 , 19.5 , 11.5 , 5.3 
T5001BDCP,T500-1BDCP,ROCKFORD,"Mono amplifier 
300x1 @ 4Ω, 500x1 @ 2Ω , 500x1 @ 1Ω",780687330309,$549.99,$330.00, 2 , 21.6 , 12.0 , 11.8 , 16.5 , 10.8 , 15.8 , 11.5 , 5.5 
T10001BDCP,T1000-1BDCP,ROCKFORD,"Mono amplifier 
700x1 @ 4Ω, 1000x1 @ 2Ω , 1000x1 @ 1Ω",780687330279,$659.99,$396.00, 2 , 26.4 , 12.0 , 12.0 , 20.0 , 13.2 , 18.0 , 11.5 , 5.3 
T15001BDCP,T1500-1BDCP,ROCKFORD,"Mono amplifier 
1000x1 @ 4Ω, 1500x1 @ 2Ω , 1500x1 @ 1Ω",780687330286,$769.99,$462.00, 2 , 28.4 , 12.0 , 11.8 , 20.8 , 14.2 , 19.0 , 11.5 , 5.3 
T25001BDCP,T2500-1BDCP,ROCKFORD,"Mono amplifier 
1500x1 @ 4Ω, 2500x1 @ 2Ω , 2500x1 @ 1Ω ",780687330293,"$1,449.99",$858.00, 1 , 21.8 , 28.0 , 13.0 , 7.0 , 21.8 , 28.0 , 13.0 , 7.0 
PBR300X2,PBR300X2,ROCKFORD,"2 channel amplifier 
100x2 @ 4Ω, 150x2 @ 2Ω, 300x1 @ 4Ω bridged",780687340506,$279.99,$193.00, 4 , 11.6 , 14.3 , 6.3 , 9.5 , 2.9 , 9.0 , 6.0 , 3.2 
PBR400X4D,PBR400X4D,ROCKFORD,"4 channel amplifier 
50x4 @ 4Ω, 100x4 @ 2Ω, 200x2 @ 4Ω bridged",780687351427,$309.99,$212.00, 4 , 11.3 , 14.0 , 6.5 , 9.3 , 2.8 , 6.0 , 3.0 , 9.0 
PBR300X1,PBR300X1,ROCKFORD,"Mono amplifier 
75x1 @ 4Ω, 150x1 @ 2Ω, 300x1 @ 1Ω",780687333096,$279.99,$193.00, 4 , 11.0 , 13.8 , 6.5 , 9.3 , 2.8 , 9.0 , 6.0 , 3.5 
P300X2,P300X2,ROCKFORD,"2 channel amplifier 
100x2 @ 4Ω, 150x2 @ 2Ω, 300x1 @ 4Ω bridged",780687332402,$279.99,$193.00, 4 , 39.2 , 22.0 , 12.3 , 16.0 , 9.8 , 5.5 , 12.5 , 16.0 
P500X2,P500X2,ROCKFORD,"2 channel amplifier 
150x2 @ 4Ω, 250x2 @ 2Ω, 500x1 @ 4Ω bridged",780687332426,$429.99,$289.00, 2 , 25.4 , 12.0 , 11.5 , 19.3 , 12.7 , 12.0 , 19.3 , 5.8 
P1000X2,P1000X2,ROCKFORD,"2 channel amplifier 
300x2 @ 4Ω, 500x2 @ 2Ω, 1000x1 @ 4Ω bridged",780687342173,$549.99,$386.00, 2 , 30.0 , 12.0 , 12.0 , 21.5 , 15.0 , 12.0 , 21.0 , 5.8 
P400X4,P400X4,ROCKFORD,"4 channel amplifier 
50x4 @ 4Ω, 100x4 @ 2Ω, 200x2 @ 4Ω bridged",780687342272,$369.99,$260.00, 2 , 21.6 , 12.0 , 11.3 , 17.3 , 10.8 , 5.8 , 12.0 , 17.0 
P600X4,P600X4,ROCKFORD,"4 channel amplifier 
75x4 @ 4Ω, 150x4 @ 2Ω, 300x2 @ 4Ω bridged",780687342289,$509.99,$355.00, 2 , 25.4 , 12.3 , 11.3 , 19.5 , 12.7 , 12.0 , 19.3 , 5.8 
P1000X5,P1000X5,ROCKFORD,"5 channel amplifier 75x4 + 150x1 @ 4Ω,
125x4 + 300x1 @ 2Ω, N/A + 500x1 @ 1Ω",780687342180,$689.99,$482.00, 2 , 32.0 , 12.0 , 11.5 , 21.3 , 16.0 , 21.0 , 11.5 , 6.0 
P300X1,P300X1,ROCKFORD,"Mono amplifier 
200x1 @ 4Ω, 300x1 @ 2Ω",780687342265,$279.99,$193.00, 4 , 38.4 , 22.0 , 12.3 , 16.5 , 9.6 , 5.5 , 12.5 , 16.0 
P500X1BD,P500X1BD,ROCKFORD,"Mono amplifier 
150x1 @ 4Ω, 300x1 @ 2Ω, 500x1 @ 1Ω",780687332471,$429.99,$289.00, 2 , 22.6 , 12.0 , 11.5 , 17.3 , 11.3 , 5.8 , 12.0 , 17.0 
P1000X1BD,P1000X1BD,ROCKFORD,"Mono amplifier 
300x1 @ 4Ω, 600x1 @ 2Ω, 1000x1 @ 1Ω",780687332495,$549.99,$386.00, 2 , 26.8 , 12.0 , 11.5 , 19.3 , 13.4 , 5.8 , 12.0 , 19.3 
R2200X2,R2-200X2,ROCKFORD,"2 channel amplifier
50x2 @ 4Ω, 100x2 @ 2Ω, 200x1@ 4Ω bridged",780687355814,$239.99,$149.00, 4 , 20.2 , 17.0 , 11.3 , 10.3 , 5.1 , 10.8 , 9.3 , 4.1 
R2300X4,R2-300X4,ROCKFORD,"4 channel amplifier
50x4 @ 4Ω, 75x4 @ 2Ω, 150x2 @ 4Ω bridged",780687355821,$309.99,$182.00, 4 , 24.2 , 17.0 , 14.0 , 11.0 , 6.1 , 12.8 , 9.3 , 4.1 
R2500X4,R2-500X4,ROCKFORD,"4 channel amplifier
75x4 @ 4Ω, 125x4 @ 2Ω, 250x2 @ 4Ω bridged",780687355838,$359.99,$212.00, 4 , 25.4 , 17.0 , 14.0 , 11.0 , 6.4 , 12.8 , 9.3 , 4.1 
R2750X5,R2-750X5,ROCKFORD,"5 channel amplifier
50x4 + 200x1 @ 4Ω, 100x4 + 350x1 @ 2Ω, 200X2 @4Ω bridged",780687355845,$539.99,$320.00, 4 , 31.8 , 17.0 , 15.0 , 11.0 , 8.0 , 12.8 , 9.3 , 4.1 
R2250X1,R2-250X1,ROCKFORD,"Mono amplifier
150x1 @ 4Ω, 250x1 @ 2Ω",780687355852,$249.99,$151.00, 4 , 23.2 , 17.0 , 11.3 , 10.5 , 5.8 , 10.8 , 9.3 , 4.1 
R2500X1,R2-500X1,ROCKFORD,"Mono amplifier
250x1 @ 4Ω, 500x1 @ 2Ω",780687355869,$309.99,$182.00, 4 , 24.8 , 17.0 , 12.0 , 11.0 , 6.2 , 11.3 , 9.3 , 4.1 
R2750X1,R2-750X1,ROCKFORD,"Mono amplifier
250x1 @ 4Ω, 500x1 @ 2Ω, 750x1 @ 1Ω",780687355876,$379.99,$231.00, 4 , 28.2 , 17.0 , 14.0 , 11.0 , 7.1 , 14.5 , 10.3 , 4.3 
R21200X1,R2-1200X1,ROCKFORD,"Mono amplifier
400x1 @ 4Ω, 800x1 @ 2Ω, 1200x1 @ 1Ω",780687355883,$449.99,$273.00, 4 , 32.4 , 18.0 , 15.0 , 11.0 , 8.1 , 13.8 , 9.3 , 4.1 
DSR1,DSR1,ROCKFORD,"Digital signal router with 3SIXTY tuning, program via IOS or Android, see rockfordfosgate.com for OEM compatibility",780687351588,$419.99,$287.00, 6 , 8.0 , 12.8 , 8.5 , 7.8 , 1.3 , 7.0 , 6.0 , 2.5 
HRNARFO2,HRN-AR-FO2,ROCKFORD,DSR1 install harness for select Ford vehicles,627780001449,$69.99,$36.00, 48 , 33.7 , 23.5 , 16.0 , 8.5 , 5.3 , 11.2 , 8.0 , 5.0 
HRNARFO3,HRN-AR-FO3,ROCKFORD,DSR1 install harness for select Ford vehicles,627780002569,$69.99,$36.00, 24 , 9.6 , 9.0 , 23.5 , 16.5 , 0.4 , 8.0 , 5.0 , 1.5 
HRNARCH2,HRN-AR-CH2,ROCKFORD,DSR1 install harness for select Chrysler vehicles,627780001456,$69.99,$36.00, 48 , 28.2 , 23.5 , 16.0 , 8.5 , 4.4 , 11.2 , 8.0 , 5.0 
HRNARCH3,HRN-AR-CH3,ROCKFORD,DSR1 install harness for select Chrysler vehicles,627780001463,$69.99,$36.00, 48 , 28.4 , 23.5 , 16.5 , 8.5 , 0.6 , 11.2 , 8.0 , 5.0 
HRNARCH4,HRN-AR-CH4,ROCKFORD,DSR1 install harness for select Chrysler vehicles,627780002354,$69.99,$36.00, 48 , 30.0 , 23.0 , 16.0 , 9.0 , 0.6 , 5.0 , 1.0 , 7.0 
HRNARTO1,HRN-AR-TO1,ROCKFORD,DSR1 install harness for select Toyota vehicles,627780002538,$69.99,$36.00, 48 , 27.9 , 23.0 , 16.0 , 8.5 , 0.5 , 4.8 , 7.3 , 1.5 
HRNARTO2,HRN-AR-TO2,ROCKFORD,DSR1 install harness for select Toyota vehicles,627780002545,$69.99,$36.00, 48 , 24.0 , 23.0 , 16.0 , 8.5 , 0.6 , 8.0 , 5.0 , 1.0 
HRNARTO3,HRN-AR-TO3,ROCKFORD,DSR1 install harness for select Toyota vehicles,627780002552,$69.99,$36.00, 24 , 25.8 , 23.3 , 16.3 , 8.8 , 1.1 , 8.0 , 5.0 , 1.0 
HRNDSPCH3,HRN-DSP-CH3,ROCKFORD,DSR1 install harness for select Chrysler vehicles,627780002897,$69.99,$36.00, 36 , 27.4 , 9.0 , 23.0 , 16.5 , 0.8 , 8.0 , 5.0 , 1.8 
HRNDSPNI1,HRN-DSP-NI1,ROCKFORD,DSR1 install harness for select Nissan vehicles,627780003092,$69.99,$36.00, 48 , 19.2 , 9.0 , 23.5 , 16.5 , 0.4 , 8.0 , 5.0 , 1.5 
T3S119,T3S1-19,ROCKFORD,"19” subwoofer 
SVC (1Ω), 3000 watts RMS, 6000 watts peak",780687343569,"$2,199.99","$1,380.00", 1 , 107.0 , 25.3 , 25.3 , 21.5 , 107.0 , 25.3 , 25.3 , 21.5 
T3S219,T3S2-19,ROCKFORD,"19” subwoofer
SVC (2Ω), 3000 watts RMS, 6000 watts peak",780687343576,"$2,199.99","$1,380.00", 1 , 106.3 , 25.3 , 24.8 , 21.5 , 106.3 , 25.3 , 24.8 , 21.5 
T2S113,T2S1-13,ROCKFORD,"13” subwoofer
SVC (1Ω), 2000 watts RMS, 4000 watts peak",780687343521,"$1,099.99",$682.00, 1 , 94.0 , 19.0 , 19.0 , 15.3 , 94.0 , 19.0 , 19.0 , 15.3 
T2S213,T2S2-13,ROCKFORD,"13” subwoofer
SVC (2Ω), 2000 watts RMS, 4000 watts peak",780687343545,"$1,099.99",$682.00, 1 , 94.2 , 19.0 , 18.8 , 15.5 , 94.2 , 19.0 , 18.8 , 15.5 
T2S116,T2S1-16,ROCKFORD,"16” subwoofer
SVC (1Ω), 2500 watts RMS, 5000 watts peak",780687343538,"$1,299.99",$814.00, 1 , 104.8 , 22.3 , 21.8 , 16.0 , 104.8 , 22.3 , 21.8 , 16.0 
T2S216,T2S2-16,ROCKFORD,"16” subwoofer
SVC (2Ω), 2500 watts RMS, 5000 watts peak",780687343552,"$1,299.99",$814.00, 1 , 105.2 , 22.0 , 21.8 , 16.0 , 105.2 , 22.0 , 21.8 , 16.0 
T1D210,T1D210,ROCKFORD,"10” subwoofer
DVC (dual 2Ω), 600 watts RMS, 1200 watts peak",780687328917,$479.99,$262.00, 2 , 52.0 , 26.3 , 13.5 , 13.8 , 26.0 , 13.0 , 17.8 , 17.5 
T1D410,T1D410,ROCKFORD,"10” subwoofer
DVC (dual 4Ω), 600 watts RMS, 1200 watts peak",780687328924,$479.99,$262.00, 2 , 53.4 , 26.5 , 13.5 , 14.5 , 26.7 , 13.0 , 17.8 , 17.5 
T1D212,T1D212,ROCKFORD,"12” subwoofer
DVC (dual 2Ω), 800 watts RMS, 1600 watts peak",780687328931,$539.99,$292.00, 1 , 31.2 , 15.8 , 15.8 , 15.0 , 31.2 , 15.8 , 15.8 , 15.0 
T1D412,T1D412,ROCKFORD,"12” subwoofer
DVC (dual 4Ω), 800 watts RMS, 1600 watts peak",780687328948,$539.99,$292.00, 1 , 31.6 , 15.5 , 15.5 , 14.8 , 31.6 , 15.5 , 15.5 , 14.8 
T1D215,T1D215,ROCKFORD,"15” subwoofer
DVC (dual 2Ω), 1000 watts RMS, 2000 watts peak",780687328955,$849.99,$456.00, 1 , 52.4 , 19.5 , 19.5 , 17.5 , 52.4 , 19.5 , 19.5 , 17.5 
T1D415,T1D415,ROCKFORD,"15” subwoofer 
DVC (dual 4Ω), 1000 watts RMS, 2000 watts peak",780687328962,$849.99,$456.00, 1 , 53.2 , 19.5 , 19.5 , 17.5 , 53.2 , 19.5 , 19.5 , 17.5 
T1S110P,T1S1-10P,ROCKFORD,"500W 10"" 1ohm Power Slim Tl Subwoofer for ported enclosures",780687366773,$539.99,$324.00, 2 , 23.0 , 13.5 , 13.5 , 13.0 , 11.0 , 12.5 , 12.5 , 6.3 
T1S110S,T1S1-10S,ROCKFORD,"500W 10"" 1ohm Power Slim Tl Subwoofer for sealed enclosures",780687366780,$539.99,$324.00, 2 , 23.0 , 13.5 , 13.5 , 13.0 , 11.0 , 12.5 , 12.5 , 6.3 
T1S210P,T1S2-10P,ROCKFORD,"500W 10"" 2ohm Power Slim Tl Subwoofer for ported enclosures",780687366797,$539.99,$324.00, 2 , 23.0 , 13.5 , 13.5 , 13.0 , 11.0 , 12.0 , 12.5 , 6.3 
T1S210S,T1S2-10S,ROCKFORD,"500W 10"" 2ohm Power Slim Tl Subwoofer for sealed enclosures",780687366803,$539.99,$324.00, 2 , 23.0 , 13.5 , 13.5 , 13.0 , 11.0 , 12.5 , 12.5 , 6.3 
T1S112,T1S1-12,ROCKFORD,"12” slim subwoofer
SVC (1Ω), 600 watts RMS, 1200 watts peak",780687343675,$599.99,$336.00, 2 , 32.4 , 15.5 , 13.5 , 15.5 , 16.2 , 15.5 , 15.5 , 6.7 
T1S212,T1S2-12,ROCKFORD,"12” slim subwoofer
SVC (2Ω), 600 watts RMS, 1200 watts peak",780687343699,$599.99,$336.00, 2 , 32.0 , 15.3 , 13.5 , 16.0 , 16.0 , 15.5 , 15.5 , 6.7 
P3D210,P3D2-10,ROCKFORD,"10” subwoofer
DVC (dual 2Ω), 500 watts RMS, 1000 watts peak",780687332730,$239.99,$147.00, 2 , 36.4 , 19.3 , 12.8 , 12.8 , 18.2 , 12.3 , 12.0 , 9.3 
P3D410,P3D4-10,ROCKFORD,"10” subwoofer 
DVC (dual 4Ω), 500 watts RMS, 1000 watts peak",780687332747,$239.99,$147.00, 2 , 36.4 , 20.0 , 13.0 , 13.0 , 18.2 , 12.3 , 12.0 , 9.3 
P3D212,P3D2-12,ROCKFORD,"12” subwoofer
DVC (dual 2Ω), 600 watts RMS, 1200 watts peak",780687332754,$259.99,$162.00, 2 , 43.8 , 20.0 , 15.0 , 15.0 , 21.9 , 14.5 , 14.5 , 10.0 
P3D412,P3D4-12,ROCKFORD,"12” subwoofer
DVC (dual 4Ω), 600 watts RMS, 1200 watts peak",780687332761,$259.99,$162.00, 2 , 44.2 , 21.0 , 15.0 , 15.0 , 22.1 , 14.5 , 14.3 , 9.3 
P3D215,P3D2-15,ROCKFORD,"15” subwoofer
DVC (dual 2Ω), 600 watts RMS, 1200 watts peak",780687332778,$339.99,$209.00, 2 , 48.8 , 23.3 , 18.8 , 18.8 , 24.4 , 18.0 , 18.0 , 11.0 
P3D415,P3D4-15,ROCKFORD,"15” subwoofer
DVC (dual 4Ω), 600 watts RMS, 1200 watts peak",780687332785,$339.99,$209.00, 2 , 49.2 , 23.0 , 18.8 , 19.0 , 24.6 , 18.0 , 18.0 , 11.0 
P3SD28,P3SD2-8,ROCKFORD,"8” slim subwoofer
DVC (dual 2Ω), 150 watts RMS, 300 watts peak",780687340728,$199.99,$120.00, 4 , 35.2 , 22.0 , 10.5 , 10.5 , 8.8 , 9.8 , 9.8 , 5.3 
P3SD48,P3SD4-8,ROCKFORD,"8” slim subwoofer
DVC (dual 4Ω), 150 watts RMS, 300 watts peak",780687340735,$199.99,$120.00, 4 , 34.8 , 22.0 , 10.5 , 10.5 , 8.7 , 9.8 , 9.8 , 5.3 
P3SD210,P3SD2-10,ROCKFORD,"10” slim subwoofer
DVC (dual 2Ω), 300 watts RMS, 600 watts peak",780687332792,$229.99,$134.00, 2 , 24.0 , 14.0 , 13.0 , 13.0 , 12.0 , 6.5 , 12.8 , 13.0 
P3SD410,P3SD4-10,ROCKFORD,"10” slim subwoofer 
DVC (dual 4Ω), 300 watts RMS, 600 watts peak",780687332808,$229.99,$134.00, 2 , 24.2 , 14.0 , 13.0 , 13.0 , 12.1 , 6.5 , 12.8 , 13.0 
P3SD212,P3SD2-12,ROCKFORD,"12” slim subwoofer 
DVC (dual 2Ω), 400 watts RMS, 800 watts peak",780687332815,$239.99,$142.00, 2 , 27.0 , 16.0 , 14.0 , 16.0 , 13.5 , 7.5 , 13.3 , 15.5 
P3SD412,P3SD4-12,ROCKFORD,"12” slim subwoofer
DVC (dual 4Ω), 400 watts RMS, 800 watts peak",780687332822,$239.99,$142.00, 2 , 26.4 , 16.0 , 14.0 , 16.0 , 13.2 , 7.5 , 13.3 , 15.5 
P2D28,P2D2-8,ROCKFORD,"8” subwoofer
DVC (dual 2Ω), 250 watts RMS, 500 watts peak",780687332655,$149.99,$81.00, 4 , 43.6 , 23.0 , 15.3 , 10.5 , 10.9 , 9.8 , 9.8 , 7.3 
P2D48,P2D4-8,ROCKFORD,"8” subwoofer
DVC (dual 4Ω), 250 watts RMS, 500 watts peak",780687332662,$149.99,$81.00, 4 , 43.8 , 20.0 , 15.5 , 10.5 , 11.0 , 9.8 , 9.8 , 7.3 
P2D210,P2D2-10,ROCKFORD,"10” subwoofer 
DVC (dual 2Ω), 300 watts RMS, 600 watts peak",780687332679,$179.99,$102.00, 2 , 29.2 , 18.5 , 12.8 , 13.0 , 14.6 , 12.0 , 12.0 , 8.8 
P2D410,P2D4-10,ROCKFORD,"10” subwoofer
DVC (dual 4Ω), 300 watts RMS, 600 watts peak",780687332686,$179.99,$102.00, 2 , 28.2 , 19.0 , 13.0 , 13.0 , 14.1 , 12.8 , 12.0 , 9.0 
P2D212,P2D2-12,ROCKFORD,"12” subwoofer
DVC (dual 2Ω), 400 watts RMS, 800 watts peak",780687332693,$199.99,$113.00, 2 , 32.8 , 20.0 , 15.0 , 16.0 , 16.4 , 14.0 , 14.3 , 9.3 
P2D412,P2D4-12,ROCKFORD,"12” subwoofer 
DVC (dual 4Ω), 400 watts RMS, 800 watts peak",780687332709,$199.99,$113.00, 2 , 32.6 , 20.0 , 16.0 , 16.0 , 16.3 , 14.5 , 14.3 , 9.0 
P2D215,P2D2-15,ROCKFORD,"15” subwoofer 
DVC (dual 2Ω), 400 watts RMS, 800 watts peak",780687332716,$259.99,$160.00, 2 , 39.8 , 22.8 , 18.5 , 19.0 , 19.9 , 18.0 , 18.0 , 11.0 
P2D415,P2D4-15,ROCKFORD,"15” subwoofer 
DVC (dual 4Ω), 400 watts RMS, 800 watts peak",780687332723,$259.99,$160.00, 2 , 39.6 , 22.5 , 18.8 , 19.0 , 19.8 , 18.0 , 18.0 , 10.8 
P1S210,P1S2-10,ROCKFORD,"10” subwoofer
SVC (2Ω), 250 watts RMS, 500 watts peak",780687342418,$119.99,$69.00, 2 , 22.6 , 17.3 , 13.0 , 12.8 , 11.3 , 8.5 , 12.8 , 13.0 
P1S410,P1S4-10,ROCKFORD,"10” subwoofer
SVC (4Ω), 250 watts RMS, 500 watts peak",780687332594,$119.99,$69.00, 2 , 22.4 , 18.0 , 13.0 , 13.0 , 11.2 , 12.0 , 12.0 , 8.3 
P1S212,P1S2-12,ROCKFORD,"12” subwoofer
SVC (2Ω), 250 watts RMS, 500 watts peak",780687342425,$129.99,$75.00, 2 , 25.4 , 18.5 , 15.0 , 15.3 , 12.7 , 9.0 , 15.0 , 15.3 
P1S412,P1S4-12,ROCKFORD,"12” subwoofer
SVC (4Ω), 250 watts RMS, 500 watts peak",780687332617,$129.99,$75.00, 2 , 25.2 , 19.0 , 15.0 , 16.0 , 12.6 , 14.5 , 14.5 , 8.8 
P1S215,P1S2-15,ROCKFORD,"15” subwoofer
SVC (2Ω), 250 watts RMS, 500 watts peak",780687342432,$189.99,$107.00, 2 , 34.8 , 21.8 , 18.8 , 18.8 , 17.4 , 10.8 , 18.5 , 19.0 
P1S415,P1S4-15,ROCKFORD,"15” subwoofer
SVC (4Ω), 250 watts RMS, 500 watts peak",780687332631,$189.99,$107.00, 2 , 35.6 , 21.8 , 18.8 , 19.0 , 17.8 , 18.0 , 18.0 , 10.5 
R2D210,R2D2-10,ROCKFORD,"10 “ subwoofer
DVC (dual 2Ω), 250 watts RMS, 500 watts peak",780687332532,$109.99,$62.00, 2 , 18.8 , 14.5 , 13.3 , 13.5 , 9.4 , 12.5 , 12.5 , 6.8 
R2D410,R2D4-10,ROCKFORD,"10 “ subwoofer
DVC (dual 4Ω), 250 watts RMS, 500 watts peak",780687332549,$109.99,$62.00, 2 , 19.2 , 14.5 , 13.5 , 13.5 , 9.6 , 12.5 , 12.5 , 6.8 
R2D212,R2D2-12,ROCKFORD,"12” subwoofer
DVC (dual 2Ω), 250 watts RMS, 500 watts peak",780687332556,$119.99,$70.00, 2 , 21.8 , 16.0 , 15.5 , 15.5 , 10.9 , 14.5 , 14.5 , 7.5 
R2D412,R2D4-12,ROCKFORD,"12” subwoofer
DVC (dual 4Ω), 250 watts RMS, 500 watts peak",780687332563,$119.99,$70.00, 2 , 21.4 , 16.0 , 15.5 , 15.5 , 10.7 , 14.8 , 14.8 , 7.5 
R2SD210,R2SD2-10,ROCKFORD,"10“ slim subwoofer
DVC (dual 2Ω), 200 watts RMS, 400 watts peak",780687339791,$159.99,$87.00, 4 , 42.2 , 23.3 , 12.5 , 13.0 , 10.6 , 12.0 , 12.0 , 5.5 
R2SD410,R2SD4-10,ROCKFORD,"10“ slim subwoofer
DVC (dual 4Ω), 200 watts RMS, 400 watts peak",780687339814,$159.99,$87.00, 4 , 42.2 , 23.0 , 12.8 , 12.8 , 10.6 , 12.0 , 12.0 , 5.5 
R2SD212,R2SD2-12,ROCKFORD,"12” slim subwoofer
DVC (dual 2Ω), 250 watts RMS, 500 watts peak",780687339807,$179.99,$96.00, 4 , 47.8 , 24.3 , 14.3 , 15.0 , 12.0 , 14.0 , 14.0 , 5.8 
R2SD412,R2SD4-12,ROCKFORD,"12” slim subwoofer 
DVC (dual 4Ω), 250 watts RMS, 500 watts peak",780687339821,$179.99,$96.00, 4 , 47.2 , 24.0 , 14.5 , 15.0 , 11.8 , 14.0 , 14.0 , 5.8 
PS8,PS-8,ROCKFORD,"8” under seat powered subwoofer
150 watts RMS, H 3.3” x W 13.9” x D 9.4”",780687345242,$389.99,$239.00, 2 , 31.0 , 19.3 , 13.5 , 13.3 , 15.5 , 12.5 , 18.4 , 6.0 
P3008P,P300-8P,ROCKFORD,"8"" ported powered subwoofer
300 watts RMS, H 11.4” x W 17.6” x D 5.6”",780687353971,$309.99,$191.00, 1 , 19.2 , 20.0 , 8.0 , 14.0 , 19.2 , 20.0 , 8.0 , 14.0 
P30010,P300-10,ROCKFORD,"10” powered subwoofer
300 watts RMS, H 13.3” x W 18.0” x D 8.9”",780687340834,$339.99,$218.00, 1 , 25.4 , 24.0 , 10.0 , 16.0 , 25.4 , 24.0 , 10.0 , 16.0 
P30010T,P300-10T,ROCKFORD,"10” truck/wedge powered subwoofer
300 watts RMS, H 13.2” x W 21.7” x D 7.9”",780687353988,$339.99,$218.00, 1 , 28.8 , 10.0 , 24.0 , 16.0 , 28.8 , 10.0 , 24.0 , 16.0 
P30012,P300-12,ROCKFORD,"12” powered subwoofer 
300 watts RMS, H 15.0” x W 19.8” x D 11.0”",780687340841,$389.99,$239.00, 1 , 31.8 , 28.0 , 11.0 , 18.0 , 31.8 , 28.0 , 11.0 , 18.0 
P30012T,P300-12T,ROCKFORD,"12” truck/wedge powered subwoofer
300 watts RMS, H 15” x W 25.8” x D 8.5”",780687353995,$389.99,$239.00, 1 , 32.0 , 28.0 , 11.0 , 17.0 , 32.0 , 28.0 , 11.0 , 17.0 
P50012P,P500-12P,ROCKFORD,"12” powered subwoofer
500 watts RMS, H 12.9” x W 24.8” x D 10.9”",780687354008,$539.99,$332.00, 1 , 46.2 , 28.0 , 15.0 , 18.0 , 46.2 , 28.0 , 15.0 , 18.0 
T1S1X12,T1S-1X12,ROCKFORD,"12"" sealed loaded enclosure, 600 watts RMS, 
1Ω final, H 14.5” x W 31.5” x Dtop 4.2” x Dbot 6.3”",780687346898,$949.99,$520.00, 1 , 37.2 , 34.3 , 9.5 , 18.5 , 37.2 , 34.3 , 9.5 , 18.5 
P31X12,P3-1X12,ROCKFORD,"12"" ported loaded enclosure, 600 watts RMS, 
1Ω final, H 15.1” x W 19.1” x D 16.4”",780687332990,$459.99,$293.00, 1 , 54.4 , 25.0 , 21.5 , 22.0 , 54.4 , 25.0 , 21.5 , 22.0 
P32X12,P3-2X12,ROCKFORD,"Dual 12"" ported loaded enclosure, 1200 watts RMS, 
1Ω final, H 15.12” x W 33.9” x D 16.4”",780687333003,$789.99,$531.00, 1 , 85.0 , 40.0 , 22.0 , 22.0 , 85.0 , 40.0 , 22.0 , 22.0 
P3S1X10,P3S-1X10,ROCKFORD,"10"" sealed slim loaded enclosure, 300 watts RMS, 
1Ω final, H 13.5” x W 19.0” x Dtop 3.3” x Dbot 5.3”",780687333010,$369.99,$219.00, 1 , 21.8 , 22.0 , 8.5 , 16.8 , 21.8 , 22.0 , 8.5 , 16.8 
P3S1X12,P3S-1X12,ROCKFORD,"12"" sealed slim loaded enclosure, 400 watts RMS, 
1Ω final, H 13.5” x W 27.4” x Dtop 3.3” x Dbot 5.3”",780687333027,$409.99,$260.00, 1 , 26.4 , 30.0 , 8.5 , 16.8 , 26.4 , 30.0 , 8.5 , 16.8 
P21X12,P2-1X12,ROCKFORD,"12"" ported loaded enclosure, 400 watts RMS, 
1Ω final, H 15.1” x W 19.1” x D 16.4”",780687332952,$349.99,$221.00, 1 , 49.0 , 24.8 , 21.5 , 22.5 , 49.0 , 24.8 , 21.5 , 22.5 
P22X12,P2-2X12,ROCKFORD,"Dual 12"" ported loaded enclosure, 800 watts RMS, 
1Ω final, H 15.1” x W 33.9” x D 16.4”",780687332969,$599.99,$399.00, 1 , 76.0 , 39.8 , 21.8 , 22.3 , 76.0 , 39.8 , 21.8 , 22.3 
P11X10,P1-1X10,ROCKFORD,"10"" ported loaded enclosure, 250 watts RMS, 
4Ω final, H 13.1” x W 17” x D 15.8”",780687332891,$259.99,$159.00, 1 , 37.8 , 22.8 , 20.5 , 20.3 , 37.8 , 22.8 , 20.5 , 20.3 
P12X10,P1-2X10,ROCKFORD,"Dual 10"" ported loaded enclosure, 500 watts RMS, 
2Ω final, H 13.1” x W 31.1” x D 15.8”",780687332907,$459.99,$282.00, 1 , 59.8 , 37.0 , 21.0 , 20.5 , 59.8 , 37.0 , 21.0 , 20.5 
P11X12,P1-1X12,ROCKFORD,"12"" ported loaded enclosure, 250 watts RMS, 
4Ω final, H 15.1” x W 19.1” x D 16.4”",780687332914,$289.99,$177.00, 1 , 45.2 , 24.8 , 21.5 , 22.3 , 45.2 , 24.8 , 21.5 , 22.3 
P12X12,P1-2X12,ROCKFORD,"Dual 12"" ported loaded enclosure, 500 watts RMS, 
2Ω final, H 15.1” x W 33.9” x D 16.4”",780687332921,$489.99,$309.00, 1 , 68.0 , 39.8 , 22.0 , 22.3 , 68.0 , 39.8 , 22.0 , 22.3 
R22X10,R2-2X10,ROCKFORD,"Dual 10"" sealed loaded enclosure, 500 watts RMS, 1000 watts peak, 2Ω final, H 12.2” x W 30.1” x L 12.1”",780687360245,$339.99,$208.00, 1 , 40.8 , 34.5 , 16.5 , 16.0 , 40.8 , 34.5 , 16.5 , 16.0 
R22X12,R2-2X12,ROCKFORD,"Dual 12"" sealed loaded enclosure, 500 watts RMS, 1000 watts peak, 2Ω final, H 14.4” x W 34.0” x L 12.5”",780687360252,$369.99,$232.00, 1 , 46.8 , 39.0 , 16.5 , 18.3 , 46.8 , 39.0 , 16.5 , 18.3 
R2S1X10,R2S-1X10,ROCKFORD,"10"" sealed slim loaded enclosure, 200 watts RMS, 
2Ω final, H 13.5” x W 19.0” x Dtop 3.3” x Dbot 5.3”",780687340667,$239.99,$149.00, 1 , 20.2 , 22.5 , 8.0 , 16.5 , 20.2 , 22.5 , 8.0 , 16.5 
R2S1X12,R2S-1X12,ROCKFORD,"12"" sealed slim loaded enclosure, 250 watts RMS, 
2Ω final, H 13.5” x W  27.4” x Dtop 3.3” x Dbot 5.3”",780687340674,$259.99,$166.00, 1 , 24.4 , 31.0 , 8.0 , 16.5 , 24.4 , 31.0 , 8.0 , 16.5 
T4652S,T4652-S,ROCKFORD,"6.5” 2-way system 
150 watts RMS, 300 watts peak, grilles included",780687343811,"$1,399.99",$785.00, 1 , 12.2 , 26.8 , 14.8 , 6.5 , 12.2 , 26.8 , 14.8 , 6.5 
T3652S,T3652-S,ROCKFORD,"6.5” 2-way system
125 watts RMS, 250 watts peak, grilles included",780687330002,"$1,299.99",$627.00, 1 , 11.2 , 26.3 , 14.5 , 6.5 , 11.2 , 26.3 , 14.5 , 6.5 
T2652S,T2652-S,ROCKFORD,"6.5” 2-way system
100 watts RMS, 200 watts peak, grilles included",780687329235,$449.99,$180.00, 4 , 44.8 , 31.5 , 16.5 , 9.0 , 11.2 , 16.0 , 8.0 , 8.0 
T2TS,T2T-S,ROCKFORD,"1” tweeter kit 
75 watts RMS, 150 watts peak",780687329242,$289.99,$116.00, 6 , 10.4 , 15.8 , 11.0 , 6.8 , 1.7 , 10.0 , 6.0 , 3.0 
T1650S,T1650-S,ROCKFORD,"6.5” 2-way system
80 watts RMS, 160 watts peak, grilles included",780687345327,$379.99,$152.00, 4 , 42.0 , 31.8 , 16.5 , 9.0 , 10.5 , 16.0 , 8.0 , 8.0 
T1675S,T1675-S,ROCKFORD,"6.75” 2-way system
100 watts RMS, 200 watts peak, grilles included",780687341138,$359.99,$144.00, 4 , 43.0 , 31.5 , 16.5 , 9.0 , 10.8 , 16.5 , 7.9 , 9.0 
T1TS,T1T-S,ROCKFORD,"1” tweeter kit
75 watts RMS, 150 peak",780687329211,$229.99,$92.00, 6 , 10.2 , 15.8 , 10.8 , 6.5 , 1.7 , 10.0 , 6.0 , 2.5 
T152,T152,ROCKFORD,"5.25” full range coaxial
60 watts RMS, 120 watts peak, grilles included",780687329112,$219.99,$88.00, 6 , 38.4 , 27.5 , 15.8 , 9.0 , 6.4 , 15.0 , 8.0 , 4.5 
T16,T16,ROCKFORD,"6” full range coaxial
70 watts RMS, 140 watts peak, grilles included",780687340377,$219.99,$88.00, 6 , 39.0 , 28.3 , 16.3 , 9.5 , 6.5 , 16.0 , 8.3 , 4.5 
T1650,T1650,ROCKFORD,"6.5” full range coaxial
75 watts RMS, 150 watts peak, grilles included",780687345310,$219.99,$88.00, 4 , 32.8 , 19.0 , 17.0 , 9.0 , 8.2 , 16.0 , 8.0 , 4.5 
T1675,T1675,ROCKFORD,"6.75” full range coaxial
75 watts RMS, 150 watts peak, grilles included",780687340490,$219.99,$88.00, 6 , 51.8 , 32.8 , 16.5 , 9.3 , 8.6 , 16.0 , 8.0 , 5.5 
T1462,T1462,ROCKFORD,"4x6” full range coaxial
45 watts RMS, 90 watts peak",780687329143,$219.99,$88.00, 6 , 26.8 , 27.5 , 11.0 , 8.5 , 4.5 , 10.5 , 8.0 , 4.5 
T1682,T1682,ROCKFORD,"6x8” full range coaxial
80 watts RMS, 160 watts peak",780687329167,$239.99,$96.00, 4 , 31.4 , 19.8 , 15.0 , 10.3 , 7.9 , 14.5 , 9.0 , 5.0 
T1692,T1692,ROCKFORD,"6x9” full range coaxial
100 watts RMS, 200 watts peak, grilles included",780687329174,$289.99,$116.00, 4 , 54.4 , 23.0 , 17.8 , 12.5 , 13.6 , 17.5 , 12.0 , 5.5 
T1693,T1693,ROCKFORD,"6x9” full range 3-way
100 watts RMS, 200 watts peak, grilles included",780687329181,$299.99,$120.00, 4 , 53.6 , 23.0 , 18.0 , 13.0 , 13.4 , 17.5 , 11.5 , 0.6 
P3V225,P3V2-25,ROCKFORD,"6.5"" 3-way speaker kit with 3-way external crossover
75 watts RMS, 150 watts peak",780687367299,$249.99,$100.00, -   , -   , -   , -   , -   , -   , -   , -   , -   
P3V265,P3V2-65,ROCKFORD,"6x9"" 3-way speaker kit with 3-way external crossover
75 watts RMS, 150 watts peak",780687367305,$629.99,$252.00, -   , -   , -   , -   , -   , -   , -   , -   , -   
P3V269,P3V2-69,ROCKFORD,"6x9"" 3-way coaxial speaker kit with 2-way external crossover
75 watts RMS, 150 watts peak",780687367312,$629.99,$260.00, -   , -   , -   , -   , -   , -   , -   , -   , -   
P3V269C2,P3V2-69C2,ROCKFORD,"6x9"" 3-way coaxial speaker kit with 2-way external crossover
75 watts RMS, 150 watts peak",780687367282,$529.99,$212.00, -   , -   , -   , -   , -   , -   , -   , -   , -   
P3V269C3,P3V2-69C3,ROCKFORD,"2.5"" speakers with external crossover
75 watts RMS, 150 watts peak",780687367275,$529.99,$212.00, -   , -   , -   , -   , -   , -   , -   , -   , -   
P2V265HO,P2V2-65HO,ROCKFORD,"6.5"" 2-way convertible with internal/external crossover
75 watts RMS, 150 watts peak, 2ohm",780687371111,$429.99,$172.00, -   , -   , -   , -   , -   , -   , -   , -   , -   
P2V268HO,P2V2-68HO,ROCKFORD,"6x8"" 2-way convertible with internal/external crossover
75 watts RMS, 150 watts peak, 2ohm",780687371098,$429.99,$172.00, -   , -   , -   , -   , -   , -   , -   , -   , -   
P2V269HO,P2V2-69HO,ROCKFORD,"6x9"" 2-way convertible with internal/external crossover
75 watts RMS, 150 watts peak, 2ohm",780687371104,$459.99,$184.00, -   , -   , -   , -   , -   , -   , -   , -   , -   
P2V265,P2V2-65,ROCKFORD,"6.5"" 2-way convertible with internal/external crossover
75 watts RMS, 150 watts peak",780687371128,$419.99,$168.00, -   , -   , -   , -   , -   , -   , -   , -   , -   
P2V2675,P2V2-675,ROCKFORD,"6.75"" 2-way convertible with internal/external crossover
75 watts RMS, 150 watts peak",780687371135,$419.99,$168.00, -   , -   , -   , -   , -   , -   , -   , -   , -   
P2V268,P2V2-68,ROCKFORD,"6x8"" 2-way convertible with internal/external crossover
75 watts RMS, 150 watts peak",780687371142,$419.99,$168.00, -   , -   , -   , -   , -   , -   , -   , -   , -   
P2V269,P2V2-69,ROCKFORD,"6x9"" 2-way convertible with internal/external crossover
75 watts RMS, 150 watts peak",780687371159,$459.99,$184.00, -   , -   , -   , -   , -   , -   , -   , -   , -   
P2V2TS,P2V2-TS,ROCKFORD,"3/4"" tweeter kit with external crossover
75 watts RMS, 150 watts peak",780687371166,$279.99,$112.00, -   , -   , -   , -   , -   , -   , -   , -   , -   
P1V225,P1V2-25,ROCKFORD,"2.5"" 3-way coaxial with internal crossover 
75 watts RMS, 150 watts peak",780687371005,$179.99,$72.00, -   , -   , -   , -   , -   , -   , -   , -   , -   
P1V23,P1V2-3,ROCKFORD,"3.5"" 3-way coaxial with internal crossover 
75 watts RMS, 150 watts peak",780687370893,$179.99,$72.00, 6 , -   , 26.2 , 11.8 , 7.1 , -   , -   , -   , -   
P1V24,P1V2-4,ROCKFORD,"4"" 3-way coaxial with internal crossover 
75 watts RMS, 150 watts peak",780687370909,$179.99,$72.00, 6 , -   , 26.2 , 11.8 , 7.1 , -   , -   , -   , -   
P1V246,P1V2-46,ROCKFORD,"4x6"" 3-way coaxial with internal crossover 
75 watts RMS, 150 watts peak",780687370916,$179.99,$72.00, 6 , -   , 22.2 , 11.8 , 9.1 , -   , -   , -   , -   
P1V25,P1V2-5,ROCKFORD,"5.25"" 3-way coaxial with internal crossover 
75 watts RMS, 150 watts peak",780687370923,$199.99,$80.00, 6 , -   , 24.7 , 16.2 , 11.0 , -   , -   , -   , -   
P1V26,P1V2-6,ROCKFORD,"6"" 3-way coaxial with internal crossover 
75 watts RMS, 150 watts peak",780687370930,$199.99,$80.00, 4 , -   , 17.4 , 19.5 , 9.2 , -   , -   , -   , -   
P1V265,P1V2-65,ROCKFORD,"6.5"" 3-way coaxial with internal crossover 
75 watts RMS, 150 watts peak",780687370947,$199.99,$80.00, 4 , -   , 17.4 , 19.5 , 9.2 , -   , -   , -   , -   
P1V2675,P1V2-675,ROCKFORD,"6.75"" 3-way coaxial with internal crossover 
75 watts RMS, 150 watts peak",780687370954,$199.99,$80.00, 4 , -   , 17.4 , 19.5 , 9.2 , -   , -   , -   , -   
P1V268,P1V2-68,ROCKFORD,"6x8"" 3-way coaxial with internal crossover 
75 watts RMS, 150 watts peak",780687370961,$219.99,$88.00, 4 , -   , 20.0 , 15.7 , 10.8 , -   , -   , -   , -   
P1V269,P1V2-69,ROCKFORD,"6x9"" 3-way coaxial with internal crossover 
75 watts RMS, 150 watts peak",780687370978,$249.99,$100.00, 4 , -   , 20.9 , 17.7 , 12.0 , -   , -   , -   , -   
GF25,GF-25,ROCKFORD,"2.5"" flush mount grilles",780687367015,$49.99,$30.00, -   , -   , -   , -   , -   , -   , -   , -   , -   
GS25,GS-25,ROCKFORD,"3.5"" flush mount grilles",780687371012,$49.99,$30.00, -   , -   , -   , -   , -   , -   , -   , -   , -   
GF35,GF-35,ROCKFORD,"4"" flush mount grilles",780687367022,$49.99,$30.00, -   , -   , -   , -   , -   , -   , -   , -   , -   
GS35,GS-35,ROCKFORD,"5.25"" flush mount grilles",780687371029,$49.99,$30.00, -   , -   , -   , -   , -   , -   , -   , -   , -   
GF4,GF-4,ROCKFORD,"6"" flush mount grilles",780687367039,$49.99,$30.00, -   , -   , -   , -   , -   , -   , -   , -   , -   
GS4,GS-4,ROCKFORD,"6.5"" flush mount grilles",780687371036,$49.99,$30.00, -   , -   , -   , -   , -   , -   , -   , -   , -   
GF525,GF-525,ROCKFORD,"6.75"" flush mount grilles",780687367046,$49.99,$30.00, -   , -   , -   , -   , -   , -   , -   , -   , -   
GS525,GS-525,ROCKFORD,"8"" flush mount grilles",780687371043,$49.99,$30.00, -   , -   , -   , -   , -   , -   , -   , -   , -   
GF6,GF-6,ROCKFORD,"2.5"" surface mount grilles",780687367053,$49.99,$30.00, -   , -   , -   , -   , -   , -   , -   , -   , -   
GS6,GS-6,ROCKFORD,"3.5"" surface mount grilles",780687371050,$49.99,$30.00, -   , -   , -   , -   , -   , -   , -   , -   , -   
GF65,GF-65,ROCKFORD,"4"" surface mount grilles",780687367060,$49.99,$30.00, -   , -   , -   , -   , -   , -   , -   , -   , -   
GS65,GS-65,ROCKFORD,"5.25"" surface mount grilles",780687371067,$49.99,$30.00, -   , -   , -   , -   , -   , -   , -   , -   , -   
GF675,GF-675,ROCKFORD,"6"" surface mount grilles",780687367077,$49.99,$30.00, -   , -   , -   , -   , -   , -   , -   , -   , -   
GS675,GS-675,ROCKFORD,"6.5"" surface mount grilles",780687371074,$49.99,$30.00, -   , -   , -   , -   , -   , -   , -   , -   , -   
GF8,GF-8,ROCKFORD,"6.75"" surface mount grilles",780687367084,$49.99,$30.00, -   , -   , -   , -   , -   , -   , -   , -   , -   
GS8,GS-8,ROCKFORD,"8"" surface mount grilles",780687371081,$49.99,$30.00, -   , -   , -   , -   , -   , -   , -   , -   , -   
GS69,GS-69,ROCKFORD,"6x9"" surface mount grilles",780687367091,$49.99,$30.00, -   , -   , -   , -   , -   , -   , -   , -   , -   
P152S,P152-S,ROCKFORD,"5.25” 2-way system
50 watts RMS, 100 watts peak, grilles included",780687329075,$159.99,$113.00, 6 , 34.6 , 28.3 , 16.5 , 9.5 , 5.8 , 15.8 , 8.3 , 4.5 
P16S,P16-S,ROCKFORD,"6” 2-way system
60 watts RMS, 120 watts peak, grilles included",780687341084,$159.99,$114.00, 4 , 25.8 , 19.3 , 17.5 , 9.0 , 6.5 , 18.3 , 8.0 , 4.0 
P165SI,P165-SI,ROCKFORD,"6.5” 2-way system with integrated crossover
60 watts RMS, 120 watts peak, grilles included",780687345297,$159.99,$114.00, 4 , 26.0 , 19.0 , 17.3 , 9.0 , 6.5 , 18.3 , 8.0 , 4.3 
P165SE,P165-SE,ROCKFORD,"6.5” 2-way system with external crossover
60 watts RMS, 120 watts peak, grilles included",780687345280,$199.99,$142.00, 4 , 26.8 , 19.0 , 17.0 , 9.0 , 6.7 , 18.5 , 8.0 , 4.3 
P1675S,P1675-S,ROCKFORD,"6.75” 2-way system
60 watts RMS, 120 watts peak, grilles included",780687341107,$159.99,$114.00, 4 , 26.2 , 19.0 , 17.5 , 9.0 , 6.6 , 15.0 , 9.5 , 4.0 
P1TS,P1T-S,ROCKFORD,"1” tweeter kit
60 watts RMS, 120 watts peak",780687329099,$89.99,$58.00, 6 , 9.4 , 16.0 , 11.0 , 7.0 , 1.6 , 10.5 , 10.3 , 2.5 
P132,P132,ROCKFORD,"3.5” full range coaxial
20 watts RMS, 40 watts peak ",780687328979,$89.99,$45.00, 6 , 14.0 , 18.5 , 9.8 , 6.5 , 2.3 , 9.0 , 5.5 , 3.0 
P142,P142,ROCKFORD,"4” full range coaxial
30 watts RMS, 60 watts peak ",780687328986,$109.99,$57.00, 6 , 21.8 , 24.3 , 12.8 , 7.3 , 3.6 , 12.3 , 6.3 , 3.8 
P152,P152,ROCKFORD,"5.25” full range coaxial
40 watts RMS, 80 watts peak, grilles included",780687328993,$109.99,$57.00, 6 , 31.8 , 28.3 , 16.0 , 9.5 , 5.3 , 15.8 , 8.3 , 4.5 
P16,P16,ROCKFORD,"6” full range coaxial
55 watts RMS, 110 watts peak, grilles included",780687340353,$109.99,$57.00, 6 , 37.2 , 27.5 , 16.3 , 9.0 , 6.2 , 16.0 , 8.0 , 4.5 
P1650,P1650,ROCKFORD,"6.5” full range coaxial
55 watts RMS, 110 watts peak, grilles included",780687345303,$109.99,$58.00, 4 , 24.8 , 19.0 , 17.0 , 9.0 , 6.2 , 18.5 , 8.0 , 5.0 
P1675,P1675,ROCKFORD,"6.75” full range 3-way with 5x7"" & 6x9"" adapters
60 watts RMS, 120 watts peak, grilles included",780687340339,$109.99,$58.00, 6 , 38.8 , 29.0 , 20.0 , 9.0 , 6.5 , 18.5 , 4.4 , 9.0 
P1462,P1462,ROCKFORD,"4x6” full range coaxial
35 watts RMS, 70 watts peak",780687329020,$109.99,$57.00, 6 , 22.8 , 24.0 , 11.3 , 8.5 , 3.8 , 10.8 , 7.8 , 4.0 
P1572,P1572,ROCKFORD,"5x7” full range coaxial
60 watts RMS, 120 watts peak",780687329037,$109.99,$57.00, 6 , 35.2 , 25.8 , 14.5 , 10.3 , 5.9 , 14.0 , 9.5 , 4.3 
P1683,P1683,ROCKFORD,"6x8” full range coaxial
60 watts RMS, 120 watts peak",780687329044,$109.99,$57.00, 4 , 21.6 , 16.0 , 16.0 , 11.0 , 5.4 , 17.5 , 12.0 , 5.0 
P1692,P1692,ROCKFORD,"6x9” full range coaxial
75 watts RMS, 150 watts peak, grilles included",780687329051,$109.99,$69.00, 4 , 38.2 , 20.0 , 18.0 , 13.0 , 9.6 , 17.3 , 11.5 , 4.8 
P1694,P1694,ROCKFORD,"6x9” full range 4-way
75 watts RMS, 150 watts peak, grilles included",780687329068,$119.99,$75.00, 4 , 38.2 , 20.0 , 18.0 , 13.0 , 9.6 , 18.5 , 4.4 , 9.0 
R152S,R152-S,ROCKFORD,"5.25” 2-way system
40 watts RMS, 80 watts peak, grilles included",780687329952,$79.99,$63.00, 6 , 22.6 , 16.8 , 15.5 , 12.0 , 3.8 , 14.3 , 8.3 , 3.6 
R165S,R165-S,ROCKFORD,"6.5” 2-way system
40 watts RMS, 80 watts peak, grilles included",780687341152,$79.99,$63.00, 6 , 29.0 , 26.0 , 19.5 , 8.8 , 4.8 , 16.0 , 8.3 , 4.0 
R1675S,R1675-S,ROCKFORD,"6.75” 2-way system
40 watts RMS, 80 watts peak, grilles included",780687341169,$79.99,$63.00, 6 , 30.6 , 19.5 , 17.0 , 14.5 , 5.1 , 16.0 , 8.3 , 4.0 
R1TS,R1T-S,ROCKFORD,"1” tweeter kit
40 watts RMS, 80 watts peak",780687329969,$44.99,$31.00, 24 , 16.6 , 16.5 , 15.3 , 13.3 , 0.7 , 8.0 , 8.0 , 2.0 
R14X2,R14X2,ROCKFORD,"4” full range coaxial
30 watts RMS, 60 watts peak, grilles included",780687342470,$64.99,$33.00, 6 , 19.2 , 20.3 , 13.3 , 7.5 , 3.2 , 13.5 , 8.0 , 3.3 
R1525X2,R1525X2,ROCKFORD,"5.25” full range coaxial
40 watts RMS, 80 watts peak, grilles included",780687342487,$79.99,$39.00, 6 , 21.2 , 21.8 , 14.8 , 8.0 , 3.5 , 16.0 , 8.0 , 4.0 
R165X3,R165X3,ROCKFORD,"6.5” full range 3-way
45 watts RMS, 90 watts peak, grilles included",780687342494,$79.99,$39.00, 6 , 28.6 , 24.0 , 16.0 , 8.0 , 4.8 , 20.0 , 9.0 , 4.5 
R1675X2,R1675X2,ROCKFORD,"6.75” full range coaxial
55 watts RMS, 110 watts peak, grilles included",780687342500,$79.99,$39.00, 6 , 27.8 , 23.3 , 16.0 , 8.5 , 4.6 , 12.0 , 8.8 , 3.5 
R168X2,R168X2,ROCKFORD,"6x8” full range coaxial
65 watts RMS, 130 watts peak",780687342517,$89.99,$44.00, 6 , 28.2 , 22.0 , 12.8 , 9.5 , 4.7 , 16.5 , 11.5 , 5.0 
R169X2,R169X2,ROCKFORD,"6x9” full range coaxial
65 watts RMS, 130 watts peak, grilles included",780687342524,$99.99,$50.00, 3 , 19.4 , 17.0 , 16.3 , 12.8 , 6.5 , 16.5 , 11.5 , 5.0 
R169X3,R169X3,ROCKFORD,"6x9” full range 3-way
65 watts RMS, 130 watts peak, grilles included",780687342531,$109.99,$55.00, 3 , 21.4 , 17.0 , 15.8 , 12.5 , 7.1 , 19.5 , 9.0 , 4.0 
PPS46,PPS4-6,ROCKFORD,"6” PRO 4Ω mid-range, sold individually
100 watts RMS, 200 watts peak, grille included",780687340452,$89.99,$58.00, 6 , 37.0 , 17.5 , 13.8 , 10.5 , 6.2 , 9.6 , 8.1 , 4.3 
PPS48,PPS4-8,ROCKFORD,"8” PRO 4Ω mid-range, sold individually
125 watts RMS, 250 watts peak, grille included",780687340469,$99.99,$63.00, 6 , 48.2 , 22.0 , 16.5 , 12.0 , 8.0 , 11.3 , 10.3 , 5.3 
PPS410,PPS4-10,ROCKFORD,"10” PRO 4Ω mid-range, sold individually
350 watts RMS, 700 watts peak, grille included",780687342197,$249.99,$160.00, 2 , 45.6 , 17.8 , 13.5 , 13.5 , 22.8 , 13.3 , 13.0 , 8.8 
PP4T,PP4-T,ROCKFORD,"1.5” PRO 4Ω tweeter, sold individually
50 watts RMS, 100 watts peak",780687340438,$99.99,$64.00, 6 , 24.6 , 20.3 , 9.3 , 8.0 , 4.1 , 6.5 , 7.0 , 4.5 
PP4NT,PP4-NT,ROCKFORD,"1” PRO 4Ω neo tweeter, sold individually
50 watts RMS, 100 watts peak",780687345358,$149.99,$95.00, 6 , 11.6 , 15.0 , 9.3 , 6.3 , 1.9 , 5.5 , 4.7 , 4.3 
PP4X,PP4-X,ROCKFORD,"4Ω PRO passive crossover, sold individually
for use with PRO mid-range (6, 8 or 10”)",780687342456,$99.99,$64.00, 6 , 7.2 , 13.5 , 9.3 , 8.3 , 1.2 , 7.0 , 6.3 , 2.8 
HD24STG2,HD24-STG2,ROCKFORD,Stage-2 Audio Kit for 2024+ Harley-Davidson,780687367503,"$1,599.99","$1,020.00", 1 , 17.0 , 23.0 , 11.0 , 17.0 , 17.0 , 23.0 , 11.0 , 17.0 
HD24STG3,HD24-STG3,ROCKFORD,Stage-3 Audio Kit for 2024+ Harley-Davidson,780687367510,"$2,449.99","$1,530.00", 1 , 35.0 , 27.0 , 17.0 , 27.0 , 35.0 , 27.0 , 17.0 , 27.0 
HD14PMXSTG2,HD14-PMX-STG2,ROCKFORD,2014+ RG/SG PMX Stage 2 Audio Kit,780687361853,"$2,399.99","$1,500.00", 1 , 23.6 , 18.3 , 9.5 , 28.0 , 23.6 , 18.3 , 9.5 , 28.0 
HD14PMXSTG3,HD14-PMX-STG3,ROCKFORD,2014+ RG/SG PMX Stage 3 Audio Kit,780687361860,"$3,099.99","$1,900.00", 1 , 33.2 , 22.8 , 21.0 , 15.3 , 33.2 , 22.8 , 21.0 , 15.3 
HD14PMXSTG5,HD14-PMX-STG5,ROCKFORD,2014+ RG/SG PMX Stage 5 Audio Kit,780687361877,"$5,399.99","$3,280.00", 1 , 84.8 , 31.0 , 21.8 , 32.0 , 84.8 , 31.0 , 21.8 , 32.0 
HD14STG2,HD14-STG2,ROCKFORD,2014+ RG/SG Stage 2 Audio Kit,780687362485,"$1,449.99",$858.00, 1 , 16.6 , 18.0 , 9.5 , 16.5 , 16.6 , 18.0 , 9.5 , 16.5 
HD14STG3,HD14-STG3,ROCKFORD,2014+ RG/SG Stage 3 Audio Kit,780687362492,"$2,099.99","$1,250.00", 1 , 27.0 , 22.5 , 21.3 , 15.3 , 27.0 , 22.5 , 21.3 , 15.3 
HD14STG5,HD14-STG5,ROCKFORD,2014+ RG/SG Stage 5 Audio Kit,780687362508,"$4,399.99","$2,640.00", 1 , 78.0 , 31.3 , 21.8 , 32.0 , 78.0 , 31.3 , 21.8 , 32.0 
HD14CVOSTG2,HD14CVO-STG2,ROCKFORD,"2014+ RG/SG CVO Stage 2 Audio Kit	",780687362515,"$1,849.99","$1,110.00", 1 , 19.6 , 18.0 , 13.0 , 14.5 , 19.6 , 18.0 , 13.0 , 14.5 
HD14USTG2,HD14U-STG2,ROCKFORD,2014+ RG/SG Ultra Stage 2 Audio Kit,780687362539,"$1,849.99","$1,110.00", 1 , 23.0 , 18.3 , 17.3 , 13.8 , 23.0 , 18.3 , 17.3 , 13.8 
HD9813RGSTG2,HD9813RG-STG2,ROCKFORD,1998-2013 RG Stage 2 Audio Kit,780687362560,"$1,399.99",$831.00, 1 , 15.8 , 17.5 , 13.0 , 16.0 , -   , 17.5 , 13.0 , 16.0 
HD9813RGSTG3,HD9813RG-STG3,ROCKFORD,1998-2013 RG Stage 3 Audio Kit,780687362577,"$2,049.99","$1,230.00", 1 , 24.6 , 11.5 , 23.0 , 21.3 , 24.6 , 11.5 , 23.0 , 21.3 
HD9813RGPMXSTG2,HD9813RG-PMX-STG2,ROCKFORD,1998-2013 RG PMX Stage 2 Audio Kit,780687362010,"$2,049.99","$1,250.00", 1 , 20.6 , 17.3 , 12.8 , 14.8 , 20.6 , 17.3 , 12.8 , 14.8 
HD9813SGSTG2,HD9813SG-STG2,ROCKFORD,1998-2013 SG Stage 2 Audio Kit,780687362584,"$1,399.99",$831.00, 1 , 16.0 , 17.0 , 14.0 , 15.0 , 16.0 , 17.0 , 14.0 , 15.0 
HD9813SGSTG3,HD9813SG-STG3,ROCKFORD,1998-2013 SG Stage 3 Audio Kit,780687362591,"$2,049.99","$1,230.00", 1 , 24.9 , 22.8 , 11.5 , 21.3 , 24.9 , 22.8 , 11.5 , 21.3 
HD9813SGPMXSTG2,HD9813SG-PMX-STG2,ROCKFORD,1998-2013 SG PMX Stage 2 Audio Kit,780687362041,"$2,049.99","$1,250.00", 1 , 19.9 , 16.5 , 12.8 , 13.5 , 19.9 , 16.5 , 12.8 , 13.5 
HD9813RKSTAGE2,HD9813RK-STAGE2,ROCKFORD,1998-2013 Road King Stage 2 Audio Kit,780687356118,"$1,489.99",$900.00, 1 , 18.5 , 28.3 , 6.8 , 22.5 , 18.5 , 28.3 , 6.8 , 22.5 
PMXHD9813,PMX-HD9813,ROCKFORD,"1998-2013 Harley Davidson specific media receiver with 3” wet bonded IPX6 color display, Bluetooth, SiriusXM ready, Pandora, AUX RCA and Apple MFi USB inputs, AM/FM 50Wx4 2ohm stable internal amplifier, F+R+S RCA outputs",780687356286,$659.99,$418.00, 6 , 29.8 , 27.0 , 15.0 , 11.0 , 5.0 , 13.5 , 10.5 , 4.0 
PMXHD14,PMX-HD14,ROCKFORD,Punch Marine Grade Media Receiver for 2014+ Harley Davidson Motorcycles,780687356316,$999.99,$644.00, 2 , 8.8 , 15.5 , 10.3 , 14.3 , 4.4 , 12.0 , 11.5 , 7.0 
HD14SBSUB,HD14-SBSUB,ROCKFORD,"Dual 10"" saddlebag subwoofer kit for select 2014+ Harley-Davidson® motorcycles",780687359669,"$2,499.99","$1,490.00", 1 , 46.8 , 30.3 , 20.0 , 15.3 , 46.8 , 30.3 , 20.0 , 15.3 
HD24BL69,HD24BL69,ROCKFORD,"6x9"" Saddlebag Cut-In Speaker Kit for 2024+ Harley-Davidson",780687367527,$849.99,$510.00, 3 , 49.0 , 24.0 , 24.0 , 25.0 , 15.0 , 24.0 , 24.0 , 8.0 
TMS2465,TMS24-65,ROCKFORD,6.5” 2-Way Element Ready Speakers for 2024+ Harley-Davidson (Gen-2),780687367466,$599.99,$360.00, 6 , 44.0 , 23.0 , 22.0 , 20.0 , 7.0 , 21.0 , 9.0 , 8.0 
TMS2469,TMS24-69,ROCKFORD,6x9” 2-Way Element Ready Speakers for 2024+ Harley-Davidson (Gen-2),780687370312,$499.99,$300.00, 6 , 45.0 , 21.0 , 18.0 , 24.0 , 7.0 , 17.0 , 11.0 , 7.0 
TMS1465,TMS14-65,ROCKFORD,6.5” 2-Way Element Ready Speakers for 2014+ Harley-Davidson (Gen-2),780687367459,$499.99,$300.00, 6 , 45.0 , 27.0 , 19.0 , 19.0 , 7.0 , 18.0 , 9.0 , 9.0 
TMS69BL14,TMS69BL14,ROCKFORD,"6x9” full range coaxial with bag lid adapters for 2014+ models, 100 watts RMS, 200 watts peak, grilles included",780687352998,$709.99,$432.00, 3 , 29.8 , 23.0 , 18.3 , 21.3 , 9.9 , 22.3 , 21.5 , 6.0 
TMS69BL9813,TMS69BL9813,ROCKFORD,"6x9” full range coaxial with bag lid adapters for 1998-2013 models, 100 watts RMS, 200 watts peak, grilles included",780687353001,$709.99,$432.00, 3 , 29.2 , 22.5 , 18.5 , 21.5 , 9.7 , 22.0 , 6.0 , 20.0 
TMS5,TMS5,ROCKFORD,"5.25” full range coaxial for 1998-2013 motorcycles
65 watts RMS, 130 watts peak, grilles included",780687345259,$439.99,$261.00, 6 , 27.0 , 27.0 , 17.0 , 9.3 , 4.5 , 17.5 , 8.5 , 8.5 
TMS6RG,TMS6RG,ROCKFORD,"6” full range coaxial for 1998-2013 Road Glide
75 watts RMS, 150 watts peak, grilles included",780687345266,$439.99,$261.00, 6 , 32.0 , 30.3 , 17.0 , 11.0 , 5.3 , 16.5 , 10.0 , 5.0 
TMS6SG,TMS6SG,ROCKFORD,"6” full range coaxial for 1998-2013 Street Glide
75 watts RMS, 150 watts peak, grilles included",780687345273,$439.99,$261.00, 6 , 28.8 , 31.0 , 16.5 , 8.5 , 4.8 , 16.0 , 8.0 , 5.0 
TMS65,TMS65,ROCKFORD,"6.5” full range coaxial for 2014+ Road Glide & Street Glide
75 watts RMS, 150 watts peak, grilles included",780687351465,$439.99,$261.00, 6 , 41.0 , 27.0 , 18.0 , 18.0 , 6.8 , 17.6 , 8.6 , 8.5 
TMS57,TMS57,ROCKFORD,"5x7” full range coaxial for 1998+ Harley models using a 5x7” speaker, 100 watts RMS, 200 watts peak",780687353018,$439.99,$261.00, 6 , 19.4 , 23.3 , 15.0 , 10.5 , 3.2 , 14.0 , 10.0 , 3.5 
TMS69,TMS69,ROCKFORD,"6x9” full range coaxial, bag lid speaker
100 watts RMS, 200 watts peak",780687353506,$439.99,$261.00, 6 , 23.0 , 27.5 , 18.0 , 12.0 , 3.8 , 15.2 , 10.8 , 4.6 
RFKHD14M5,RFK-HD14M5,ROCKFORD,Complete amp install kit for select 2014+ Harley Davidson® motorcycles,780687360375,$369.99,$225.00, 10 , 47.0 , 24.3 , 13.5 , 11.8 , 4.7 , 13.5 , 11.0 , 2.5 
RFKHD9813M5,RFK-HD9813M5,ROCKFORD,Complete amp install kit for select 1998-2013 Harley Davidson® motorcycles,780687360399,$329.99,$198.00, 10 , 49.8 , 23.8 , 15.5 , 10.3 , 5.0 , 13.5 , 11.0 , 2.0 
RFKHDRKM5,RFK-HDRKM5,ROCKFORD,"Complete amp install kit for 1998+ Harley Davidson® Road King motorcycles, includes Bluetooth streaming module",780687360382,$369.99,$225.00, 10 , 43.4 , 26.0 , 15.0 , 11.0 , 4.3 , 10.0 , 7.0 , 5.0 
PMX8BB,PMX-8BB,ROCKFORD,"Hide away media receiver, NMEA 2000 protocol & remote compatible, 4 zone source control, individual zone DSP EQ, Bluetooth, SiriusXM ready, Pandora, reverse camera trigger, AUX RCA, 2x Apple MFi USB inputs, AM/FM/WB. 50Wx4 2ohm stable internal amplifier, 4xF+S RCA outputs",780687344702,$719.99,$471.00, 6 , 22.6 , 26.0 , 15.0 , 11.0 , 3.8 , 10.0 , 7.9 , 2.2 
PMX8DH,PMX-8DH,ROCKFORD,"5” wet bonded IPX6 color display for PMX-8BB, ultra-thin design, composite camera input, 10ft ext. cable included",780687344696,$529.99,$327.00, 6 , 18.5 , 25.5 , 14.0 , 11.0 , 2.5 , 13.5 , 10.5 , 4.0 
PMX5CAN,PMX-5CAN,ROCKFORD,"1.75 DIN 2.7” wet bonded IPX6 color media receiver, NMEA 2000 protocol & remote compatible, 2 zone control, individual zone DSP EQ, Bluetooth, SiriusXM ready, Pandora, AUX RCA, Apple MFi USB input, AM/FM/WB, 50Wx4 2ohm internal amp, F+R+S+Z2 RCA outputs",780687351441,$489.99,$452.00, 6 , 28.2 , 20.3 , 14.5 , 14.3 , 4.7 , 9.9 , 5.4 , 6.7 
PMX3,PMX-3,ROCKFORD,"2.7” wet bonded IPX6 color media receiver, remote compatible, DSP EQ, Bluetooth, SiriusXM ready, Pandora, composite camera, AUX RCA, Apple MFi USB input, AM/FM/WB, 50Wx4 2ohm stable internal amplifier, F+R/S selectable RCA outputs",780687350635,$589.99,$380.00, 6 , 17.8 , 18.0 , 15.0 , 11.0 , 3.0 , 7.9 , 5.4 , 6.7 
PMX2,PMX-2,ROCKFORD,"2.7” wet bonded IPX6 color media receiver, remote compatible, DSP EQ, Bluetooth, Pandora, AUX RCA, Apple MFi certified USB input, AM/FM/WB, 50Wx4 2ohm stable internal amplifier, F+R/S selectable RCA outputs",780687344665,$549.99,$340.00, 6 , 16.8 , 17.0 , 15.0 , 11.0 , 2.8 , 9.0 , 6.5 , 6.5 
PMX1,PMX-1,ROCKFORD,"2.3” wet bonded IPX6 monochrome dot matrix display media receiver, 7-band + PEQ EQ, Bluetooth, AUX and USB inputs, AM/FM/WB, 50Wx4 2ohm stable internal amplifier, F+R/S selectable RCA outputs",780687351762,$329.99,$228.00, 6 , 7.9 , 17.5 , 14.0 , 11.0 , 1.2 , 10.0 , 6.8 , 5.5 
PMX0,PMX-0,ROCKFORD,"Ultra-compact media receiver, Bluetooth, AUX and USB inputs, F+R+S RCA outputs",780687345693,$259.99,$167.00, 10 , 12.4 , 22.0 , 8.0 , 11.5 , 1.2 , 7.5 , 5.5 , 4.0 
PMXCAN,PMX-CAN,ROCKFORD,"Interface module between NMEA 2000 multi-function display and PMX-5CAN or PMX-8BB, compatible with most NMEA 2000 MFD’s from Raymarine, Garmin, Simrad and others, visit Rockfordfosgate.com for compatibility",780687344719,$349.99,$214.00, 10 , 9.8 , 25.5 , 13.8 , 11.0 , 1.0 , 13.5 , 10.5 , 4.0 
PMX1R,PMX-1R,ROCKFORD,"2.7” wet bonded IPX6 color wired remote, compatible with PMX-2, PMX-3, PMX-5CAN and PMX-8BB, multi zone source and volume control when used with PMX-5CAN or PMX-8BB, combine up to 3 remotes",780687344658,$299.99,$200.00, 13 , 14.4 , 27.8 , 8.8 , 14.3 , 1.1 , 10.0 , 7.9 , 2.2 
PMXBTUR,PMX-BTUR,ROCKFORD,Universal Bluetooth steering wheel remote controller,780687351755,$159.99,$95.00, 10 , 6.4 , 15.0 , 15.0 , 9.0 , 0.6 , 13.2 , 4.5 , 10.0 
PMX16C,PMX16C,ROCKFORD,16 ft extension cable for PMX-1R & PMX-0R,780687344641,$59.99,$36.00, 13 , 15.4 , 18.0 , 12.0 , 11.0 , 1.2 , 10.0 , 7.0 , 2.0 
PMX25C,PMX25C,ROCKFORD,25 ft extension cable for PMX-1R & PMX-0R,780687344672,$74.99,$45.00, 13 , 19.8 , 17.5 , 12.0 , 10.3 , 1.5 , 5.8 , 4.2 , 1.8 
PMX50C,PMX50C,ROCKFORD,50 ft extension cable for PMX-1R & PMX-0R,780687349363,$129.99,$76.00, 6 , 17.2 , 18.0 , 12.0 , 11.0 , 2.9 , 1.0 , 1.0 , 1.0 
PMXYC,PMXYC,ROCKFORD,Y Cable for PMX-1R & PMX-0R,780687346928,$49.99,$28.00, 24 , 10.2 , 17.5 , 12.0 , 10.5 , 0.4 , 7.5 , 5.9 , 2.4 
PMXUSBP,PMX-USBP,ROCKFORD,Universal USB port,780687356309,$49.99,$30.00, 40 , 9.8 , 19.5 , 8.5 , 9.5 , 0.3 , 13.8 , 10.3 , 4.3 
PMXANT,PMX-ANT,ROCKFORD,AM/FM/WB Amplified 12V Antenna,780687352110,$89.99,$50.00, 10 , 5.4 , 15.5 , 9.0 , 11.8 , 0.5 , 10.0 , 7.9 , 3.7 
M5800X4,M5-800X4,ROCKFORD,"4 channel Element Ready amplifier 
125x4 @ 2Ω, 200x4 @ 4Ω, 400x2 @ 4Ω bridged",780687357962,$689.99,$413.00, 4 , 17.8 , 15.0 , 8.0 , 13.0 , 4.5 , 12.0 , 7.0 , 5.0 
M51500X5,M5-1500X5,ROCKFORD,"5 ch. Element Ready amplifier 125x4 + 400x1 @ 4Ω, 200x4 + 700x1 @ 2Ω, NA + 700x1 @ 1Ω, 400x2 @ 4Ω + NA Bridged",780687357979,$999.99,$620.00, 4 , 26.6 , 15.0 , 7.0 , 17.0 , 6.7 , 15.5 , 6.0 , 3.5 
M51000X1,M5-1000X1,ROCKFORD,"Mono Element Ready amplifier 
525x1 @ 4Ω, 900x1 @ 2Ω, 1000x1 @ 1Ω",780687357986,$689.99,$413.00, 4 , 17.6 , 14.5 , 6.8 , 12.8 , 4.4 , 15.5 , 6.0 , 3.5 
TM400X4AD,TM400X4AD,ROCKFORD,"4 channel marine amplifier 
100x4 @ 4Ω, 100x4 @ 2Ω, 200x2 @ 4Ω bridged",780687345150,$629.99,$382.00, 4 , 13.8 , 14.0 , 7.0 , 12.0 , 3.5 , 6.5 , 11.3 , 13.4 
PM300X2,PM300X2,ROCKFORD,"2 channel marine amplifier 
100x2 @ 4Ω, 150x2 @ 2Ω, 300x1 @ 4Ω bridged",780687345075,$349.99,$207.00, 4 , 39.8 , 22.0 , 12.0 , 16.0 , 10.0 , 12.0 , 19.3 , 5.8 
PM500X2,PM500X2,ROCKFORD,"2 channel marine amplifier 
150x2 @ 4Ω, 250x2 @ 2Ω, 500x1 @ 4Ω bridged",780687345112,$549.99,$330.00, 2 , 25.6 , 11.8 , 11.5 , 19.5 , 12.8 , 6.9 , 5.7 , 3.0 
PM400X4,PM400X4,ROCKFORD,"4 channel marine amplifier 
50x4 @ 4Ω, 100x4 @ 2Ω, 200x2 @ 4Ω bridged",780687345099,$519.99,$306.00, 2 , 22.2 , 12.0 , 11.5 , 17.0 , 11.1 , 9.1 , 6.7 , 3.5 
PM600X4,PM600X4,ROCKFORD,"4 channel marine amplifier 
75x4 @ 4Ω, 150x4 @ 2Ω, 300x2 @ 4Ω bridged",780687345129,$649.99,$388.00, 2 , 25.8 , 14.0 , 13.0 , 10.3 , 12.9 , 9.3 , 6.6 , 4.0 
PM1000X5,PM1000X5,ROCKFORD,"5 channel marine amplifier 75x4 + 150x1 @ 4Ω,
125x4 + 300x1 @ 2Ω, N/A + 500x1 @ 1Ω",780687345211,$799.99,$495.00, 2 , 31.6 , 12.0 , 11.5 , 21.0 , 15.8 , 16.1 , 16.1 , 10.2 
PM100X1K,PM100X1K,ROCKFORD,"Full range mono marine amplifier, sold in pairs
50x1 @ 4Ω, 100x1 @ 2Ω, H 1.3” x W 3.0” x L 3.9”",780687345204,$309.99,$188.00, 2 , 5.4 , 11.0 , 10.0 , 6.0 , 2.7 , 18.5 , 8.8 , 5.4 
PM500X1BD,PM500X1BD,ROCKFORD,"Mono marine amplifier 
150x1 @ 4Ω, 300x1 @ 2Ω, 500x1 @ 1Ω",780687345105,$549.99,$330.00, 2 , 21.8 , 12.0 , 11.5 , 17.0 , 10.9 , 9.1 , 6.7 , 3.5 
PM1000X1BD,PM1000X1BD,ROCKFORD,"Mono marine amplifier 
300x1 @ 4Ω, 600x1 @ 2Ω, 1000x1 @ 1Ω",780687345051,$689.99,$413.00, 2 , 26.4 , 12.0 , 11.0 , 19.5 , 13.2 , 15.8 , 15.8 , 10.2 
M2200X2,M2-200X2,ROCKFORD,"2 channel Element Ready amplifier
50x2 @ 4Ω, 100x2 @ 2Ω, 200x1@ 4Ω bridged",780687358297,$299.99,$175.00, 4 , 20.6 , 17.3 , 11.5 , 10.5 , 5.2 , 4.3 , 10.8 , 9.5 
M2300X4,M2-300X4,ROCKFORD,"4 channel Element Ready amplifier
50x4 @ 4Ω, 75x4 @ 2Ω, 150x2 @ 4Ω bridged",780687358303,$349.99,$207.00, 4 , 24.6 , 13.8 , 17.0 , 11.0 , 6.2 , 13.0 , 9.3 , 4.0 
M2750X5,M2-750X5,ROCKFORD,"5 channel Element Ready amplifier
50x4 + 200x1 @ 4Ω, 100x4 + 350x1 @ 2Ω, 200X2 @4Ω bridged",780687358310,$569.99,$338.00, 4 , 31.4 , 17.3 , 15.0 , 10.5 , 7.9 , 13.7 , 9.5 , 4.0 
M2500X1,M2-500X1,ROCKFORD,"Mono Element Ready amplifier
250x1 @ 4Ω, 500x1 @ 2Ω",780687358327,$349.99,$207.00, 4 , 24.4 , 17.3 , 12.0 , 10.5 , 6.1 , 11.0 , 9.5 , 4.0 
PMXRGB,PMX-RGB,ROCKFORD,Color Optix light controller with optional app interface,780687355647,$99.99,$59.00, 20 , 15.8 , 10.5 , 9.3 , 16.0 , 0.8 , 7.5 , 7.0 , 3.0 
RGB6,RGB-6,ROCKFORD,6 ft Color Optix extension cable to be used with PMX-RGB,780687364373,$21.99,$13.50, 20 , 7.6 , 16.3 , 13.5 , 15.0 , 0.4 , 7.3 , 6.0 , 1.5 
RGB16,RGB-16,ROCKFORD,16 ft Color Optix extension cable to be used with PMX-RGB,780687364380,$29.99,$18.00, 20 , 12.0 , 16.5 , 13.5 , 14.8 , 0.6 , 7.5 , 6.0 , 2.5 
RGB25,RGB-25,ROCKFORD,25 ft Color Optix extension cable to be used with PMX-RGB,780687364397,$34.99,$22.00, 20 , 15.5 , 16.5 , 13.3 , 15.0 , 0.8 , 7.5 , 6.0 , 2.5 
RGBY4P,RGB-Y4P,ROCKFORD,Y adapter Color Optix cable to be used with PMX-RGB,780687364403,$29.99,$18.00, 40 , 13.8 , 13.5 , 12.5 , 17.5 , 0.4 , 6.0 , 8.0 , 1.5 
RGBY6P,RGB-Y6P,ROCKFORD,Y adapter Color Optix cable to be used with PMX-RGB,780687364410,$29.99,$18.00, 20 , 6.0 , 13.0 , 14.0 , 14.0 , 0.3 , 6.0 , 8.0 , 3.0 
M2D210IG2,M2D2-10I-G2,ROCKFORD,"10"" Color Optix infinite baffle marine subwoofer, DVC (2Ω)
400 watts RMS, 1600 watts peak, white & stainless grilles incl.",780687367367,$439.99,$242.00, 2 , 29.6 , 19.3 , 13.3 , 13.5 , 14.2 , 12.5 , 12.5 , 9.0 
M2D210IBG2,M2D2-10IB-G2,ROCKFORD,"10"" Color Optix infinite baffle marine subwoofer, DVC (2Ω)
400 watts RMS, 1600 watts peak, black & stainless grilles incl.",780687367374,$439.99,$242.00, 2 , 30.1 , 19.0 , 13.0 , 13.5 , 14.3 , 12.5 , 9.0 , 12.5 
M2D410IG2,M2D4-10I-G2,ROCKFORD,"10"" Color Optix infinite baffle marine subwoofer, DVC (4Ω)
400 watts RMS, 1600 watts peak, white & stainless grilles incl.",780687367350,$439.99,$242.00, 2 , 30.0 , 19.0 , 13.0 , 13.5 , 14.3 , 12.5 , 9.0 , 12.5 
M2D410IBG2,M2D4-10IB-G2,ROCKFORD,"10"" Color Optix infinite baffle marine subwoofer, DVC (4Ω)
400 watts RMS, 1600 watts peak, black & stainless grilles incl.",780687367411,$439.99,$242.00, 2 , 30.0 , 19.0 , 13.0 , 13.5 , 14.3 , 12.5 , 9.0 , 12.5 
M2D212I,M2D2-12I,ROCKFORD,"12"" Color Optix infinite baffle marine subwoofer, DVC (2Ω)
400 watts RMS, 1600 watts peak, white & stainless grilles incl.",780687355722,$599.99,$330.00, 2 , 38.8 , 21.5 , 16.0 , 16.5 , 19.4 , 15.5 , 10.5 , 15.5 
M2D212IB,M2D2-12IB,ROCKFORD,"12"" Color Optix infinite baffle marine subwoofer, DVC (2Ω)
400 watts RMS, 1600 watts peak, black & stainless grilles incl.",780687358280,$599.99,$330.00, 2 , 38.8 , 16.0 , 21.5 , 16.5 , 19.4 , 15.0 , 15.0 , 10.0 
M2D412I,M2D4-12I,ROCKFORD,"12"" Color Optix infinite baffle marine subwoofer, DVC (4Ω)
400 watts RMS, 1600 watts peak, white & stainless grilles incl.",780687355715,$599.99,$330.00, 2 , 38.8 , 21.5 , 16.0 , 16.0 , 19.4 , 15.5 , 10.5 , 15.5 
M2D412IB,M2D4-12IB,ROCKFORD,"12"" Color Optix infinite baffle marine subwoofer, DVC (4Ω)
400 watts RMS, 1600 watts peak, black & stainless grilles incl.",780687358273,$599.99,$330.00, 2 , 38.8 , 21.5 , 16.3 , 16.5 , 19.4 , 15.0 , 15.0 , 10.0 
M2D210SG2,M2D2-10S-G2,ROCKFORD,"10"" Color Optix sealed marine subwoofer, DVC (2Ω)
400 watts RMS, 1600 watts peak, white & stainless grilles incl.",780687367381,$439.99,$242.00, 2 , 30.4 , 19.0 , 13.0 , 13.5 , 14.5 , 12.5 , 9.0 , 12.5 
M2D210SBG2,M2D2-10SB-G2,ROCKFORD,"10"" Color Optix sealed marine subwoofer, DVC (2Ω)
400 watts RMS, 1600 watts peak, black & stainless grilles incl.",780687367398,$439.99,$242.00, 2 , 30.3 , 19.0 , 13.0 , 13.5 , 14.5 , 12.5 , 9.0 , 12.5 
M2D410SG2,M2D4-10S-G2,ROCKFORD,"10"" Color Optix sealed marine subwoofer, DVC (4Ω)
400 watts RMS, 1600 watts peak, white & stainless grilles incl.",780687367428,$439.99,$242.00, 2 , 30.2 , 19.0 , 13.0 , 13.5 , 14.5 , 12.5 , 9.0 , 12.5 
M2D410SBG2,M2D4-10SB-G2,ROCKFORD,"10"" Color Optix sealed marine subwoofer, DVC (4Ω)
400 watts RMS, 1600 watts peak, black & stainless grilles incl.",780687367404,$439.99,$242.00, 2 , 30.4 , 19.0 , 13.0 , 13.5 , 14.5 , 12.5 , 9.0 , 12.5 
M2D212S,M2D2-12S,ROCKFORD,"12"" Color Optix sealed marine subwoofer, DVC (2Ω)
400 watts RMS, 1600 watts peak, white & stainless grilles incl.",780687355685,$599.99,$330.00, 2 , 38.6 , 21.5 , 16.0 , 16.5 , 19.3 , 15.0 , 15.0 , 10.0 
M2D212SB,M2D2-12SB,ROCKFORD,"12"" Color Optix sealed marine subwoofer, DVC (2Ω)
400 watts RMS, 1600 watts peak, black & stainless grilles incl.",780687358242,$599.99,$330.00, 2 , 38.8 , 21.5 , 16.3 , 16.5 , 19.4 , 12.5 , 12.5 , 9.0 
M2D412S,M2D4-12S,ROCKFORD,"12"" Color Optix sealed marine subwoofer, DVC (4Ω)
400 watts RMS, 1600 watts peak, white & stainless grilles incl.",780687355678,$599.99,$330.00, 2 , 38.8 , 16.0 , 21.5 , 16.5 , 19.4 , 15.0 , 15.0 , 10.0 
M2D412SB,M2D4-12SB,ROCKFORD,"12"" Color Optix sealed marine subwoofer, DVC (4Ω)
400 watts RMS, 1600 watts peak, black & stainless grilles incl.",780687358235,$599.99,$330.00, 2 , 39.4 , 21.5 , 16.3 , 16.5 , 19.7 , 18.2 , 9.0 , 3.2 
M1D28,M1D2-8,ROCKFORD,"8"" Color Optix marine subwoofer
DVC (2Ω), 150 watts RMS, 600 watts peak, white grille included",780687353780,$239.99,$132.00, 4 , 23.6 , 28.8 , 11.5 , 12.0 , 5.9 , 11.0 , 11.0 , 7.0 
M1D28B,M1D2-8B,ROCKFORD,"8"" Color Optix marine subwoofer
DVC (2Ω), 150 watts RMS, 600 watts peak, black grille included",780687353797,$239.99,$132.00, 4 , 23.6 , 29.0 , 11.8 , 12.0 , 5.9 , 11.0 , 11.0 , 7.0 
M1D48,M1D4-8,ROCKFORD,"8"" Color Optix marine subwoofer
DVC (4Ω), 150 watts RMS, 600 watts peak, white grille included",780687353803,$239.99,$132.00, 4 , 23.8 , 28.5 , 11.5 , 12.0 , 6.0 , 11.0 , 11.0 , 7.0 
M1D48B,M1D4-8B,ROCKFORD,"8"" Color Optix marine subwoofer
DVC (4Ω), 150 watts RMS, 600 watts peak, black grille included",780687353810,$239.99,$132.00, 4 , 23.8 , 29.0 , 11.5 , 12.0 , 6.0 , 11.0 , 11.0 , 7.0 
M1D210,M1D2-10,ROCKFORD,"10"" Color Optix marine subwoofer
DVC (2Ω), 300 watts RMS, 1200 watts peak, white grille included",780687353827,$259.99,$150.00, 2 , 22.4 , 16.5 , 13.3 , 14.0 , 11.2 , 13.0 , 12.5 , 8.0 
M1D210B,M1D2-10B,ROCKFORD,"10"" Color Optix marine subwoofer
DVC (2Ω), 300 watts RMS, 1200 watts peak, black grille included",780687353834,$259.99,$150.00, 2 , 21.8 , 16.5 , 13.3 , 13.8 , 10.9 , 13.0 , 12.5 , 8.0 
M1D410,M1D4-10,ROCKFORD,"10"" Color Optix marine subwoofer
DVC (4Ω), 300 watts RMS, 1200 watts peak, white grille included",780687353841,$259.99,$150.00, 2 , 22.0 , 16.5 , 13.0 , 13.8 , 11.0 , 13.0 , 12.5 , 8.0 
M1D410B,M1D4-10B,ROCKFORD,"10"" Color Optix marine subwoofer
DVC (4Ω), 300 watts RMS, 1200 watts peak, black grille included",780687353858,$259.99,$150.00, 2 , 22.2 , 16.5 , 13.3 , 14.0 , 11.1 , 13.0 , 12.5 , 8.0 
M1D212,M1D2-12,ROCKFORD,"12"" Color Optix marine subwoofer
DVC (2Ω), 300 watts RMS, 1200 watts peak, white grille included",780687354107,$319.99,$179.00, 2 , 26.8 , 18.8 , 16.3 , 16.5 , 13.4 , 15.5 , 15.5 , 9.0 
M1D212B,M1D2-12B,ROCKFORD,"12"" Color Optix marine subwoofer
DVC (2Ω), 300 watts RMS, 1200 watts peak, black grille included",780687354114,$319.99,$179.00, 2 , 26.6 , 19.0 , 16.0 , 16.3 , 13.3 , 15.5 , 15.5 , 9.0 
M1D412,M1D4-12,ROCKFORD,"12"" Color Optix marine subwoofer
DVC (4Ω), 300 watts RMS, 1200 watts peak, white grille included",780687353865,$319.99,$179.00, 2 , 26.8 , 18.8 , 16.3 , 16.5 , 13.4 , 15.5 , 15.5 , 9.0 
M1D412B,M1D4-12B,ROCKFORD,"12"" Color Optix marine subwoofer
DVC (4Ω), 300 watts RMS, 1200 watts peak, black grille included",780687353872,$319.99,$179.00, 2 , 26.4 , 19.0 , 16.0 , 16.5 , 13.2 , 15.5 , 15.5 , 9.0 
M265,M2-65,ROCKFORD,"6.5” Color Optix marine 2-way system
150 watts RMS, 600 watts peak, white & stainless grilles incl.",780687353711,$479.99,$264.00, 3 , 22.0 , 18.0 , 18.0 , 9.0 , 7.3 , 8.5 , 17.5 , 6.0 
M265B,M2-65B,ROCKFORD,"6.5” Color Optix marine 2-way system
150 watts RMS, 600 watts peak, black & stainless grilles incl.",780687353728,$479.99,$264.00, 3 , 21.6 , 18.0 , 18.0 , 9.0 , 7.2 , 8.5 , 17.5 , 6.0 
M28,M2-8,ROCKFORD,"8” Color Optix marine 2-way system
250 watts RMS, 1000 watts peak, white & stainless grilles incl.",780687353735,$579.99,$317.00, 3 , 37.8 , 21.8 , 20.3 , 10.8 , 12.6 , 21.5 , 10.5 , 6.5 
M28B,M2-8B,ROCKFORD,"8” Color Optix marine 2-way system
250 watts RMS, 1000 watts peak, black & stainless grilles incl.",780687353742,$579.99,$317.00, 3 , 37.8 , 21.8 , 20.3 , 11.0 , 12.6 , 21.5 , 10.5 , 6.5 
M28H,M2-8H,ROCKFORD,"8” Color Optix marine 2-way system with horn tweeter
300 watts RMS, 1200 watts peak, white & stainless grilles incl.",780687353759,$899.99,$495.00, 3 , 30.2 , 21.8 , 20.3 , 11.0 , 10.1 , 21.5 , 10.3 , 6.5 
M28HB,M2-8HB,ROCKFORD,"8” Color Optix marine 2-way system with horn tweeter
300 watts RMS, 1200 watts peak, black & stainless grilles incl.",780687353766,$899.99,$495.00, 3 , 30.0 , 21.8 , 20.0 , 11.0 , 10.0 , 21.5 , 10.3 , 6.5 
M210H,M2-10H,ROCKFORD,"10” Color Optix marine 2-way system with horn tweeter
X watts RMS, X watts peak, white & stainless grilles incl.",780687354336,"$1,199.99",$720.00, 2 , 31.4 , 26.8 , 17.5 , 14.0 , 15.7 , 26.5 , 13.3 , 8.3 
M210HB,M2-10HB,ROCKFORD,"10” Color Optix marine 2-way system with horn tweeter
X watts RMS, X watts peak, black & stainless grilles incl.",780687354343,"$1,199.99",$720.00, 2 , 30.6 , 27.0 , 17.5 , 14.2 , 15.3 , 26.0 , 13.5 , 8.3 
M2TS,M2-TS,ROCKFORD,"1"" marine tweeter kit
200 watts RMS, 800 watts peak, white/stainless grilles included",780687353773,$189.99,$106.00, 10 , 25.2 , 33.0 , 10.0 , 20.0 , 2.5 , 12.5 , 12.5 , 9.0 
M16,M1-6,ROCKFORD,"6” Color Optix marine 2-way system
75 watts RMS, 300 watts peak, white grilles included",780687354275,$219.99,$121.00, 6 , 38.8 , 18.3 , 18.0 , 16.0 , 6.5 , 14.5 , 10.5 , 4.3 
M16B,M1-6B,ROCKFORD,"6” Color Optix marine 2-way system
75 watts RMS, 300 watts peak, black grilles included",780687354282,$219.99,$121.00, 6 , 38.8 , 18.0 , 18.0 , 16.0 , 6.5 , 17.5 , 9.0 , 5.0 
M165,M1-65,ROCKFORD,"6.5” Color Optix marine 2-way system
75 watts RMS, 300 watts peak, white grilles included",780687353698,$249.99,$140.00, 6 , 39.6 , 18.5 , 18.0 , 16.0 , 6.6 , 17.5 , 9.0 , 5.5 
M165B,M1-65B,ROCKFORD,"6.5” Color Optix marine 2-way system
75 watts RMS, 300 watts peak, black grilles included",780687353704,$249.99,$140.00, 6 , 38.6 , 18.0 , 18.3 , 16.0 , 6.4 , 17.5 , 8.8 , 5.0 
M18,M1-8,ROCKFORD,"8” Color Optix marine 2-way system
150 watts RMS, 600 watts peak, white grilles included",780687354299,$309.99,$169.00, 3 , 36.4 , 23.8 , 18.8 , 12.0 , 12.1 , 17.5 , 9.0 , 5.5 
M18B,M1-8B,ROCKFORD,"8” Color Optix marine 2-way system
150 watts RMS, 600 watts peak, black grilles included",780687354305,$309.99,$169.00, 3 , 36.4 , 23.5 , 19.0 , 12.0 , 12.1 , 11.0 , 11.0 , 7.0 
M065,M0-65,ROCKFORD,"6.5” marine 2-way system
65 watts RMS, 250 watts peak, white grilles included",780687353674,$129.99,$73.00, 6 , 33.4 , 18.3 , 18.0 , 16.0 , 5.6 , 17.5 , 9.0 , 5.0 
M065B,M0-65B,ROCKFORD,"6.5” marine 2-way system
65 watts RMS, 250 watts peak, black grilles included",780687353681,$129.99,$73.00, 6 , 32.8 , 18.0 , 18.3 , 16.0 , 5.5 , 17.5 , 9.0 , 5.0 
M2WL8,M2WL-8,ROCKFORD,"8” Color Optix wake tower speakers, 250W RMS, 1000W peak, white & stainless grilles, clamps incl.",780687355562,"$1,299.99",$792.00, 1 , 30.6 , 22.5 , 17.8 , 13.0 , 30.6 , 22.5 , 17.8 , 13.0 
M2WL8B,M2WL-8B,ROCKFORD,"8” Color Optix wake tower speakers, 250W RMS, 1000W peak, black & stainless grilles, clamps incl.",780687355579,"$1,299.99",$792.00, 1 , 30.4 , 22.5 , 17.8 , 12.8 , 30.4 , 22.5 , 17.8 , 12.8 
M2WL8H,M2WL-8H,ROCKFORD,"8” Color Optix horn wake tower speakers, 300W RMS, 1200W peak, white & stainless grilles, clamps incl.",780687355586,"$1,499.99",$900.00, 1 , 27.6 , 22.5 , 17.8 , 12.8 , 27.6 , 22.5 , 17.8 , 12.8 
M2WL8HB,M2WL-8HB,ROCKFORD,"8” Color Optix horn wake tower speakers, 300W RMS, 1200W peak, black & stainless grilles, clamps incl.",780687355593,"$1,499.99",$900.00, 1 , 27.6 , 23.0 , 18.0 , 13.0 , 27.6 , 23.0 , 18.0 , 13.0 
M2WL10H,M2WL-10H,ROCKFORD,"10” Color Optix marine wake tower speakers with horn tweeters
X watts RMS, X watts peak, white & stainless grilles incl.",780687355609,"$2,149.99","$1,300.00", 1 , 35.0 , 27.3 , 17.8 , 14.8 , 35.0 , 27.3 , 17.8 , 14.8 
M2WL10HB,M2WL-10HB,ROCKFORD,"10” Color Optix marine wake tower speakers with horn tweeters
X watts RMS, X watts peak, black & stainless grilles incl.",780687355616,"$2,149.99","$1,300.00", 1 , 36.2 , 28.0 , 18.0 , 15.0 , 36.2 , 28.0 , 18.0 , 15.0 
RZR24XPSTG1,RZR24XP-STG1,ROCKFORD,"PMX-1, 100 Watt, Front Audio System for select 2024+ RZR® models",780687367763,$999.99,$600.00, 1 , 25.0 , 25.0 , 20.0 , 16.0 , 25.0 , 25.0 , 20.0 , 16.0 
RZR24XPSTG6,RZR24XP-STG6,ROCKFORD,"Stage 6 Aftermarket 1,500-Watt Audio System for 2024+ RZR XP",780687366339,"$4,499.99","$2,700.00", - , - , - , - , - , - , - , - , - 
RZR24RCXPSTG6,RZR24RCXP-STG6,ROCKFORD,"Stage 6 Aftermarket 1,500-Watt Audio System for 2024+ RZR XP w/ Ride Command",780687366360,"$4,499.99","$2,700.00", - , - , - , - , - , - , - , - , - 
RZR19PXPSTG4,RZR19PXP-STG4,ROCKFORD,"PMX-2, 1500 Watt, Front Color Optix,  Speaker, Subwoofer & Rear Speaker Kit for Select Polaris® RZR PRO XP® Models",780687361730,"$2,199.99","$1,760.00", 1 , 78.0 , 28.5 , 23.5 , 37.8 , 78.0 , 28.5 , 23.5 , 37.8 
RZR19PXPSTG5,RZR19PXP-STG5,ROCKFORD,"PMX-3, 1500 Watt, Front Color Optix,  Speaker, Subwoofer & Rear Speaker Kit for Select Polaris® RZR® PRO XP® Models",780687361747,"$2,549.99","$2,030.00", 1 , 83.0 , 28.8 , 23.3 , 37.5 , 83.0 , 28.8 , 23.3 , 37.5 
RZR19RCPXPSTG4,RZR19RCPXP-STG4,ROCKFORD,"Ride Command® Interface, 1500 Watt, Front Color Optix, Speaker, Subwoofer & Rear Speaker Kit for Select Polaris® RZR PRO XP® Models",780687361761,"$1,999.99","$1,590.00", 1 , 81.0 , 28.5 , 23.5 , 37.5 , 81.0 , 28.5 , 23.5 , 37.5 
RZR19PXPRSS,RZR19PXP-RSS,ROCKFORD,RZR Pro XP4 only  Rear Subwoofer Solution,780687362294,$729.99,$435.00, 1 , 23.4 , 23.0 , 23.0 , 12.3 , 23.4 , 23.0 , 23.0 , 12.3 
RZR20PRORSS,RZR20PRO-RSS,ROCKFORD,"20+ RZR PROXP. TURBO R, PRO R, REAR SUBWOOFER",780687366391,$899.99,$528.00, 1 , 22.5 , 12.5 , 9.0 , 12.5 , 22.5 , 12.5 , 9.0 , 12.5 
RZR14STG1,RZR14-STG1,ROCKFORD,PMX-1 & front speakers kit for select RZR models,780687355111,$899.99,$572.00, 1 , 16.8 , 18.0 , 14.0 , 18.0 , 16.8 , 18.0 , 14.0 , 18.0 
RZR14STG3,RZR14-STG3,ROCKFORD,"PMX-2, 800W, Color Optix front speakers & Color Optix sub kit for select RZR models",780687355135,"$1,999.99","$1,290.00", 1 , 52.8 , 29.0 , 23.5 , 19.3 , 52.8 , 29.0 , 23.5 , 19.3 
RZR14STG4,RZR14-STG4,ROCKFORD,"PMX-2, 800W, Color Optix front speakers, Color Optix sub & Color Optix rear speakers kit for select RZR models",780687355142,"$2,649.99","$1,720.00", 1 , 69.0 , 32.0 , 19.0 , 26.0 , 69.0 , 32.0 , 19.0 , 26.0 
RZR14STG5,RZR14-STG5,ROCKFORD,"PMX-3, 1500W, Color Optix front speakers, Color Optix sub & Color Optix rear speakers kit for select RZR models",780687355159,"$3,299.99","$2,150.00", 1 , 78.0 , 31.8 , 19.0 , 26.8 , 78.0 , 31.8 , 19.0 , 26.8 
RZR14RCSTG3,RZR14RC-STG3,ROCKFORD,"800W, Color Optix front speakers & Color Optix sub kit for select Ride Command models",780687355166,"$1,649.99","$1,073.00", 1 , 48.0 , 19.0 , 19.0 , 34.0 , 48.0 , 19.0 , 19.0 , 34.0 
RZR14RCSTG4,RZR14RC-STG4,ROCKFORD,"800W, Color Optix front speakers, Color Optix sub & Color Optix rear speakers kit for select Ride Command models",780687355173,"$2,299.99","$1,500.00", 1 , 65.0 , 20.0 , 20.0 , 40.0 , 65.0 , 20.0 , 20.0 , 40.0 
RZR14RCSTG5,RZR14RC-STG5,ROCKFORD,"1500W, Color Optix front speakers, Color Optix sub & Color Optix rear speakers kit for select Ride Command models",780687355180,"$2,949.99","$1,930.00", 1 , 78.2 , 19.8 , 19.5 , 40.8 , 78.2 , 19.8 , 19.5 , 40.8 
RZR14DK,RZR14-DK,ROCKFORD,Upper/Lower Dash Kit for Most PMX Source Units on Select Polaris® RZR® Models,780687355104,$199.99,$124.00, 6 , 15.6 , 21.3 , 14.3 , 12.3 , 2.6 , 17.6 , 12.0 , 4.7 
RZR14FSE,RZR14-FSE,ROCKFORD,"Direct Fit Front Color Optix™ 6.5"" Loaded Speaker Enclosures for select Polaris® RZR® Models",780687355050,$339.99,$220.00, 1 , 5.2 , 13.3 , 12.3 , 9.8 , 5.2 , 13.3 , 12.3 , 9.8 
RZR14FWE,RZR14-FWE,ROCKFORD,"Direct Fit Front Color Optix™ 10"" Vented Loaded Subwoofer Enclosure for select Polaris® RZR® Models",780687355067,$469.99,$308.00, 1 , 9.2 , 18.0 , 18.0 , 15.0 , 9.2 , 18.0 , 18.0 , 15.0 
RZR14K4,RZR14-K4,ROCKFORD,4 AWG Amp Installation Kit for select Polaris® RZR® Models (Gen-3),780687355081,$309.99,$195.00, 3 , 32.2 , 18.0 , 12.8 , 14.0 , 10.7 , 11.4 , 7.0 , 7.0 
RZR14K8,RZR14-K8,ROCKFORD,8 AWG Amp Installation Kit for select Polaris® RZR® Models (Gen-3),780687355074,$219.99,$141.00, 3 , 26.8 , 18.3 , 13.0 , 14.3 , 8.9 , 17.5 , 4.5 , 12.5 
RFPOLRC34,RFPOL-RC34,ROCKFORD,Polaris Ride Command active noise reduction adapter for use with Stage 3 & 4 kits,780687354220,$159.99,$112.00, 60 , 38.0 , 17.5 , 13.5 , 17.8 , 0.6 , 8.5 , 4.2 , 1.7 
RFPOLRC5,RFPOL-RC5,ROCKFORD,Polaris Ride Command active noise reduction adapter for use with Stage 5 & 6 kits,780687354237,$159.99,$113.00, 60 , 41.6 , 17.8 , 13.5 , 17.8 , 0.7 , 8.5 , 4.2 , 1.7 
X317STG1,X317-STG1,ROCKFORD,PMX-1 & front speakers kit for select X3 models,780687360030,$899.99,$495.00, 1 , 18.6 , 24.5 , 16.0 , 20.5 , 18.6 , 24.5 , 16.0 , 20.5 
X317STG2,X317-STG2,ROCKFORD,"PMX-1, front speakers & rear speakers kit for select X3 models",780687360047,"$1,349.99",$880.00, 1 , 35.2 , 24.5 , 19.8 , 22.3 , 35.2 , 24.5 , 19.8 , 22.3 
X317STG3,X317-STG3,ROCKFORD,"PMX-2, 800 watt, Color Optix front speakers & subwoofer kit for select X3 models",780687360054,"$1,999.99","$1,210.00", 1 , 49.2 , 35.0 , 18.0 , 20.0 , 49.2 , 35.0 , 18.0 , 20.0 
X317STG4,X317-STG4,ROCKFORD,"PMX-2, 800 watt, Color Optix front speakers, subwoofer & Color Optix rear speakers kit for select X3 models",780687360061,"$2,949.99","$1,870.00", 1 , 64.0 , 28.0 , 17.8 , 30.0 , 64.0 , 28.0 , 17.8 , 30.0 
X317STG5,X317-STG5,ROCKFORD,"PMX-3, 1500 watt, Color Optix front speakers, dual subwoofer & Color Optix rear speakers kit for select X3 models",780687360078,"$4,049.99","$2,640.00", 1 , 94.0 , 36.5 , 26.8 , 20.3 , 94.0 , 36.5 , 26.8 , 20.3 
X317STG6,X317-STG6,ROCKFORD,"PMX-3, 1500 watt, Color Optix front speakers, dual subwoofer & Color Optix rear horn speakers kit for select X3 models",780687360085,"$4,399.99","$2,860.00", 1 , 108.0 , 33.0 , 25.0 , 28.0 , 108.0 , 33.0 , 25.0 , 28.0 
X317MAXRSS,X317MAX-RSS,ROCKFORD,1000 watt dual 10” rear sub solution for select X3 models,780687361655,"$2,049.99","$1,240.00", 1 , 48.8 , 23.3 , 21.8 , 17.8 , 48.8 , 23.3 , 21.8 , 17.8 
DEFEND17STG1,DEFEND17-STG1,ROCKFORD,Can Am Defender 2017+ Overhead Audio Solution,780687364151,$849.99,$540.00, 1 , 17.0 , 24.8 , 23.7 , 9.0 , 17.0 , 24.8 , 23.7 , 9.0 
RNGR18STG1,RNGR18-STG1,ROCKFORD,"All-In-One dash housing with PMX-1 and 5.25"" speakers for select Ranger models",780687355944,$659.99,$429.00, 1 , 8.6 , 21.0 , 12.3 , 11.0 , 8.6 , 21.0 , 12.3 , 11.0 
RNGR18STG2,RNGR18-STG2,ROCKFORD,Stereo and Front  and Rear speaker kit for select Ranger models,780687355951,"$1,199.99",$787.00, 1 , 31.0 , 23.3 , 18.5 , 19.3 , 31.0 , 23.3 , 18.5 , 19.3 
RNGR18STG3,RNGR18-STG3,ROCKFORD,"800 Watt stereo, front speaker and subwoofer kit for select Ranger models",780687355968,"$2,199.99","$1,430.00", 1 , 60.0 , 28.0 , 18.0 , 25.0 , 60.0 , 28.0 , 18.0 , 25.0 
RNGR18STG4,RNGR18-STG4,ROCKFORD,"800 Watt stereo, front speaker, subwoofer and rear speaker kit for  select Ranger models",780687355975,"$2,749.99","$1,790.00", 1 , 64.2 , 28.0 , 18.3 , 30.0 , 64.2 , 28.0 , 18.3 , 30.0 
RNGR18STG5,RNGR18-STG5,ROCKFORD,"1500 watt stereo, front speaker, subwoofer and rear speaker kit for select Ranger models",780687361235,"$2,749.99","$1,790.00", 1 , 68.0 , 28.0 , 19.0 , 25.0 , 68.0 , 28.0 , 19.0 , 25.0 
RNGR18STG6,RNGR18-STG6,ROCKFORD,"PMX-3, front speaker and rear speaker and front subwoofer amplified system 5 channel and M2",780687361259,"$3,299.99","$2,150.00", 1 , 80.0 , 27.8 , 18.3 , 30.0 , 80.0 , 27.8 , 18.3 , 30.0 
RNGR18RCSTG5,RNGR18RC-STG5,ROCKFORD,"1000 watt stereo, front speaker, subwoofer and rear speaker kit for select Ranger models with Ride Command",780687361679,"$2,199.99","$1,430.00", 1 , 34.0 , 22.0 , 18.0 , 31.0 , 34.0 , 22.0 , 18.0 , 31.0 
RNGR18RCSTG6,RNGR18RC-STG6,ROCKFORD,"Ride Command, front speaker and rear speaker and front subwoofer amplified 5 channel and M2",780687361266,"$2,749.99","$1,790.00", 1 , 82.0 , 27.3 , 18.3 , 31.0 , 82.0 , 27.3 , 18.3 , 31.0 
RNGR18DK,RNGR18-DK,ROCKFORD,"Ride Command, front speaker and rear speaker and front subwoofer amplified 5 channel and M2",780687356026,$199.99,$138.00, 10 , 20.0 , 23.0 , 20.0 , 12.0 , 2.0 , 11.5 , 9.5 , 4.5 
RNGR18FSE,RNGR18-FSE,ROCKFORD,"Ride Command, front speaker and rear speaker and front subwoofer amplified 5 channel and M2",780687355906,$359.99,$253.00, 1 , 5.4 , 17.5 , 9.8 , 11.5 , 5.4 , 17.5 , 9.8 , 11.5 
RNGR18FWE,RNGR18-FWE,ROCKFORD,"Ride Command, front speaker and rear speaker and front subwoofer amplified 5 channel and M2",780687355913,$549.99,$385.00, 1 , 18.0 , 17.3 , 17.0 , 14.8 , 18.0 , 17.3 , 17.0 , 14.8 
RNGR18ROOF2M2,RNGR18-ROOF2M2,ROCKFORD,Polaris Ranger 2018+ 2 Seat Overhead Audio Solution,780687355890,"$3,299.99","$2,640.00", 1 , 121.0 , 61.0 , 56.5 , 11.0 , 121.0 , 61.0 , 56.5 , 11.0 
RNGR18ROOF4M2,RNGR18-ROOF4M2,ROCKFORD,Polaris Ranger 2018+ 4 Seat Overhead Audio Solution,780687358808,"$5,499.99","$4,400.00", 1 , 247.0 , 61.0 , 56.0 , 22.0 , 247.0 , 61.0 , 56.0 , 22.0 
RNGR18CAPM2,RNGR18-CAPM2,ROCKFORD,Polaris Ranger 2018+ 4 Speaker Back Cap Add On,780687358815,"$1,649.99","$1,320.00", 1 , 47.0 , 59.5 , 11.5 , 19.8 , 47.0 , 59.5 , 11.5 , 19.8 
RNGR18RSE,RNGR18-RSE,ROCKFORD,"Ride Command, front speaker and rear speaker and front subwoofer amplified 5 channel and M2",780687361228,$359.99,$253.00, 1 , 6.2 , 10.8 , 10.8 , 9.8 , 6.2 , 10.8 , 10.8 , 9.8 
RNGRSTAGE1,RNGR-STAGE1,ROCKFORD,Stereo kit for select Ranger models,780687351885,$549.99,$352.00, 1 , 7.4 , 19.0 , 8.3 , 13.3 , 7.4 , 19.0 , 8.3 , 13.3 
RNGRSTAGE2,RNGR-STAGE2,ROCKFORD,Stereo and front speaker kit for select Ranger models,780687351892,"$1,049.99",$685.00, 1 , 19.8 , 19.3 , 16.3 , 18.0 , 19.8 , 19.3 , 16.3 , 18.0 
RNGRSTAGE3,RNGR-STAGE3,ROCKFORD,"400 watt stereo, front speaker, and subwoofer kit for select Ranger models",780687351908,"$2,299.99","$1,400.00", 1 , 52.0 , 31.0 , 20.0 , 19.0 , 52.0 , 31.0 , 20.0 , 19.0 
RNGRSTAGE4,RNGR-STAGE4,ROCKFORD,"400 watt stereo, front speaker, subwoofer, & rear speaker kit for select Ranger models",780687351977,"$3,099.99","$1,880.00", 1 , 72.4 , 29.5 , 19.5 , 24.8 , 72.4 , 29.5 , 19.5 , 24.8 
RNGRREAR,RNGR-REAR,ROCKFORD,Add on rear speaker kit for RNGR-STAGE2 & RNGR-STAGE3,780687351984,$899.99,$538.00, 1 , 20.0 , 18.3 , 10.0 , 15.3 , 20.0 , 18.3 , 10.0 , 15.3 
RFRNGRPMXDK,RFRNGR-PMXDK,ROCKFORD,"PMX-3, PMX-2 & PMX-0 dash kit for select Ranger models",780687351915,$149.99,$110.00, 3 , 11.8 , 23.8 , 13.0 , 13.5 , 3.9 , 11.2 , 8.0 , 5.0 
RFRNGRFSE,RFRNGR-FSE,ROCKFORD,"6.5"" front speaker enclosures (pair) for select Ranger models",780687351922,$289.99,$226.00, 1 , 5.6 , 18.5 , 10.5 , 9.0 , 5.6 , 18.5 , 10.5 , 9.0 
RFRNGRFWE,RFRNGR-FWE,ROCKFORD,"10"" front subwoofer enclosure for select Ranger models",780687351939,$439.99,$334.00, 1 , 12.8 , 18.0 , 16.8 , 9.8 , 12.8 , 18.0 , 16.8 , 9.8 
RFRNGRK8,RFRNGR-K8,ROCKFORD,Amp kit and mounting plate for select Ranger models,780687351946,$219.99,$159.00, 8 , 37.6 , 20.8 , 12.5 , 14.3 , 4.7 , 13.5 , 6.0 , 5.0 
RFRNGRRSW16,RFRNGR-RSW16,ROCKFORD,Rear speaker harness for select Ranger models,780687351991,$69.99,$52.00, 20 , 44.0 , 17.0 , 14.0 , 15.3 , 2.2 , 7.5 , 7.0 , 3.5 
GNRLSTAGE1,GNRL-STAGE1,ROCKFORD,Stereo kit for select General models,780687352059,$549.99,$352.00, 1 , 5.4 , 11.3 , 8.5 , 9.0 , 5.4 , 11.3 , 8.5 , 9.0 
GNRLSTAGE2,GNRL-STAGE2,ROCKFORD,Stereo and front speaker kit for select General models,780687352066,"$1,049.99",$685.00, 1 , 17.4 , 19.0 , 12.0 , 17.5 , 17.4 , 19.0 , 12.0 , 17.5 
GNRLSTAGE3,GNRL-STAGE3,ROCKFORD,"400 watt stereo, front speaker, and subwoofer kit for select General models",780687352073,"$2,299.99","$1,400.00", 1 , 42.6 , 25.0 , 18.0 , 20.0 , 42.6 , 25.0 , 18.0 , 20.0 
GNRLSTAGE4,GNRL-STAGE4,ROCKFORD,"400 watt stereo, front speaker, subwoofer, & rear speaker kit for select General models",780687352080,"$3,099.99","$1,880.00", 1 , 63.0 , 25.0 , 18.0 , 24.5 , 63.0 , 25.0 , 18.0 , 24.5 
GNRLREAR,GNRL-REAR,ROCKFORD,Add on rear speaker kit for GNRL-STAGE2 & GNRL-STAGE3,780687352349,$899.99,$538.00, 1 , 19.6 , 18.3 , 10.3 , 14.8 , 19.6 , 18.3 , 10.3 , 14.8 
RFGNRLPMXDK,RFGNRL-PMXDK,ROCKFORD,"PMX-3, PMX-2 & PMX-0 dash kit for select General models",780687352004,$149.99,$110.00, 20 , 40.0 , 16.5 , 13.0 , 22.0 , 2.0 , 5.0 , 2.0 , 2.5 
RFGNRLFSE,RFGNRL-FSE,ROCKFORD,"6.5"" front speaker enclosures (pair) for select General models",780687352011,$289.99,$226.00, 1 , 8.8 , 13.3 , 12.3 , 13.5 , 8.8 , 13.3 , 12.3 , 13.5 
RFGNRLFWE,RFGNRL-FWE,ROCKFORD,"10"" front subwoofer enclosure for select General models (includes amp mounting plate)",780687352035,$439.99,$334.00, 1 , 7.8 , 23.5 , 7.8 , 12.0 , 7.8 , 23.5 , 7.8 , 12.0 
RFGNRLK8,RFGNRL-K8,ROCKFORD,Amp kit for select General models,780687352028,$219.99,$159.00, 15 , 41.0 , 18.0 , 13.3 , 11.8 , 2.7 , 7.0 , 6.5 , 3.2 
RFGNRLRSW16,RFGNRL-RSW16,ROCKFORD,Rear speaker harness for select General models,780687352042,$69.99,$52.00, 20 , 44.0 , 17.0 , 14.0 , 15.3 , 2.2 , 5.0 , 2.0 , 2.5 
YXZSTAGE1,YXZ-STAGE1,ROCKFORD,Stereo kit for select YXZ models,780687351816,$509.99,$319.00, 1 , 5.4 , 13.3 , 7.5 , 10.0 , 5.4 , 13.3 , 7.5 , 10.0 
YXZSTAGE2,YXZ-STAGE2,ROCKFORD,Stereo and front lower speaker kit for select YXZ models,780687351823,$849.99,$550.00, 1 , 22.0 , 18.0 , 12.0 , 21.0 , 22.0 , 18.0 , 12.0 , 21.0 
YXZSTAGE3,YXZ-STAGE3,ROCKFORD,"400 watt stereo, front lower speaker, and subwoofer kit for select YXZ models",780687351830,"$1,899.99","$1,210.00", 1 , 54.2 , 26.5 , 19.5 , 20.3 , 54.2 , 26.5 , 19.5 , 20.3 
YXZSTAGE4,YXZ-STAGE4,ROCKFORD,"400 watt stereo, front lower speaker, subwoofer, & rear speaker kit for select YXZ models",780687351847,"$2,549.99","$1,540.00", 1 , 68.0 , 33.5 , 19.5 , 19.5 , 68.0 , 33.5 , 19.5 , 19.5 
MOTOREAR2,MOTO-REAR2,ROCKFORD,Add on rear speaker kit for YXZ-STAGE2 and YXZ-STAGE3,780687351861,$799.99,$447.00, 1 , 14.8 , 18.3 , 10.0 , 13.5 , 14.8 , 18.3 , 10.0 , 13.5 
RFYXZPMXDK,RFYXZ-PMXDK,ROCKFORD,"PMX-3, PMX-2 & PMX-0 dash kit for select YXZ models",780687351694,$149.99,$110.00, 15 , 28.4 , 21.0 , 17.5 , 13.3 , 1.9 , 7.0 , 12.5 , 3.5 
RFYXZFSE,RFYXZ-FSE,ROCKFORD,"6.5"" front lower speaker enclosures (pair) for select YXZ models",780687351700,$289.99,$226.00, 1 , 9.2 , 17.0 , 10.8 , 10.8 , 9.2 , 17.0 , 10.8 , 10.8 
RFYXZFWE,RFYXZ-FWE,ROCKFORD,"10"" front subwoofer enclosure for select YXZ models",780687351717,$439.99,$334.00, 1 , 14.0 , 21.3 , 18.3 , 7.3 , 14.0 , 21.3 , 18.3 , 7.3 
RFYXZK8,RFYXZ-K8,ROCKFORD,Amp kit and mounting plate for select YXZ models,780687351724,$219.99,$159.00, 10 , 32.8 , 21.0 , 15.3 , 12.0 , 3.3 , 10.0 , 11.0 , 3.0 
RFYXZRSW16,RFYXZ-RSW16,ROCKFORD,Rear speaker harness for select YXZ models,780687351748,$69.99,$48.00, 20 , 31.8 , 16.0 , 12.3 , 16.3 , 1.6 , 8.0 , 8.0 , 2.5 
RM110D2B,RM110D2B,ROCKFORD,"Black 10” marine subwoofer
DVC (dual 2Ω), 200 watts RMS, 400 watts peak, grille included",780687344788,$209.99,$113.00, 2 , 21.6 , 16.5 , 13.5 , 13.8 , 10.8 , 13.0 , 13.0 , 8.0 
RM1652B,RM1652B,ROCKFORD,"Black 6.5” marine full range coaxial with integrated grilles
75 watts RMS, 150 watts peak",780687344955,$219.99,$110.00, 6 , 35.8 , 28.0 , 17.3 , 9.0 , 6.0 , 16.5 , 16.5 , 4.5 
M2WL65MB,M2WL-65MB,ROCKFORD,"6.5"" Color Optix moto can speakers, 150W RMS, 600W peak, black & stainless grilles, clamps incl.",780687359614,"$1,199.99",$714.00, 1 , 14.4 , 17.8 , 10.8 , 11.0 , 14.4 , 17.8 , 10.8 , 11.0 
M1WL65MB,M1WL-65MB,ROCKFORD,"Black 6.5"" Color Optix moto can speakers, 75W RMS, 300W peak, clamps incl.",780687359621,$949.99,$580.00, 1 , 13.8 , 17.8 , 11.0 , 11.0 , 13.8 , 17.8 , 11.0 , 11.0 
M0WL65MB,M0WL-65MB,ROCKFORD,"Black 6.5"" moto can speakers, 65W RMS, 250W peak, clamps incl.",780687359638,$749.99,$449.00, 1 , 12.8 , 18.0 , 11.0 , 11.0 , 12.8 , 18.0 , 11.0 , 11.0 
MXRSW16,MX-RSW16,ROCKFORD,Rear Color Optix speaker harness for select UTV applications,780687360283,$139.99,$103.00, 10 , 34.0 , 25.3 , 14.0 , 8.3 , 3.4 , 6.5 , 7.0 , 5.0 
RM1652WMB,RM1652W-MB,ROCKFORD,"Black 6.5” motorsport cage speakers
75 watts RMS, 150 watts peak, H 7.9”x W 7.1”x D 7.1”",780687350659,$729.99,$363.00, 1 , 14.1 , 18.3 , 9.0 , 10.5 , 14.1 , 18.3 , 9.0 , 10.5 
PMCL2B,PM-CL2B,ROCKFORD,"Black motorsport can clamps, fits PM2652W-MB & 
RM1652W-MB",780687345235,$129.99,$77.00, 6 , 5.6 , 10.5 , 10.0 , 5.5 , 0.9 , 10.0 , 5.0 , 5.0 
PMCL3B,PM-CL3B,ROCKFORD,"Black motorsport can clamps for Polaris Ranger® & General®, fits PM2652W-MB & RM1652W-MB.",780687351960,$319.99,$194.00, 6 , 41.0 , 14.0 , 13.0 , 10.5 , 6.8 , 15.8 , 15.8 , 10.2 
MXCAM,MX-CAM,ROCKFORD,"Element ready powersports camera, requires vehicle specific wire harness",780687355463,$79.99,$49.00, 42 , 13.2 , 16.0 , 16.0 , 16.0 , 0.3 , 8.0 , 5.0 , 2.0 
MXCAMRZR14,MX-CAM-RZR14,ROCKFORD,MX-CAM wire harness for select RZR models,780687359706,$79.99,$49.00, 16 , 19.2 , 19.8 , 11.5 , 17.0 , 1.2 , 11.0 , 5.0 , 4.0 
MXCAMX317,MX-CAM-X317,ROCKFORD,MX-CAM wire harness for select X3 models,780687359737,$79.99,$53.00, 16 , 22.0 , 19.8 , 11.3 , 17.5 , 1.4 , 11.0 , 5.0 , 4.0 
MXCAMRNGR18,MX-CAM-RNGR18,ROCKFORD,MX-CAM wire harness for select Ranger models,780687359690,$89.99,$60.00, 16 , 30.2 , 19.8 , 11.5 , 17.0 , 1.9 , 10.5 , 5.0 , 4.0 
PEQ,PEQ,ROCKFORD,"Remote Punch equalization control
for current Power amps and 2007-2012 Punch amps",780687327156,$49.99,$26.00, 20 , 12.4 , 13.3 , 12.0 , 13.8 , 0.6 , 7.5 , 6.0 , 2.5 
PLC2,PLC2,ROCKFORD,"Remote Punch level control
works with current Punch amps",780687342364,$49.99,$26.00, 20 , 12.6 , 13.0 , 12.5 , 13.8 , 0.6 , 10.2 , 7.3 , 2.8 
PLCU,PLC-U,ROCKFORD,Universal Punch level control,780687345723,$79.99,$41.00, 10 , 6.6 , 16.0 , 11.0 , 14.3 , 0.7 , 7.5 , 5.8 , 2.5 
BDSYNC2,BDSYNC2,ROCKFORD,"Cable to strap a pair of select Power series amplifiers together, making one large mono amplifier",780687316143,$39.99,$21.00, 40 , 14.1 , 13.5 , 12.8 , 17.5 , 0.4 , 11.8 , 6.3 , 8.3 
PPB1,PPB1,ROCKFORD,Wired remote bass knob with variable frequency and boost for select 2004-2006 amplifiers,780687317966,$49.99,$26.00, 50 , 23.9 , 13.0 , 10.0 , 11.0 , 0.4 , 8.0 , 3.0 , 2.0 
T1SG10,T1SG-10,ROCKFORD,10” stamped mesh grille insert,780687344733,$44.99,$26.00, 10 , 7.4 , 13.5 , 11.8 , 19.5 , 0.7 , 12.8 , 11.3 , 2.0 
T1SG12,T1SG-12,ROCKFORD,12” stamped mesh grille insert,780687344740,$44.99,$26.00, 10 , 10.2 , 15.8 , 14.3 , 19.5 , 1.0 , 16.0 , 15.0 , 2.0 
P3SG8,P3SG-8,ROCKFORD,8” stamped mesh grille insert,780687340780,$34.99,$21.00, 10 , 5.6 , 11.5 , 9.8 , 12.5 , 0.6 , 11.0 , 10.0 , 11.3 
P3SG10,P3SG-10,ROCKFORD,10” stamped mesh grille insert,780687339951,$34.99,$21.00, 10 , 7.2 , 12.0 , 13.3 , 14.8 , 0.7 , 13.0 , 12.0 , 1.5 
P3SG12,P3SG-12,ROCKFORD,12” stamped mesh grille insert,780687339968,$34.99,$21.00, 10 , 10.2 , 16.0 , 14.0 , 16.8 , 1.0 , 15.0 , 14.0 , 1.8 
P2P3G8,P2P3G-8,ROCKFORD,8” stamped mesh grille insert,780687339944,$34.99,$21.00, 10 , 4.8 , 11.3 , 10.0 , 14.0 , 0.5 , 10.8 , 9.3 , 1.3 
P2P3G10,P2P3G-10,ROCKFORD,10” stamped mesh grille insert,780687339913,$34.99,$21.00, 10 , 7.4 , 13.0 , 12.0 , 16.5 , 0.7 , 13.0 , 11.0 , 1.5 
P2P3G12,P2P3G-12,ROCKFORD,12” stamped mesh grille insert,780687339920,$34.99,$21.00, 10 , 10.8 , 16.0 , 15.0 , 18.0 , 1.1 , 15.0 , 13.5 , 2.0 
P2P3G15,P2P3G-15,ROCKFORD,15” stamped mesh grille insert,780687339937,$44.99,$26.00, 10 , 15.8 , 18.5 , 17.0 , 21.0 , 1.6 , 18.0 , 16.3 , 2.0 
P1G10,P1G-10,ROCKFORD,10” stamped mesh grille insert,780687339876,$34.99,$21.00, 10 , 7.2 , 13.3 , 12.0 , 16.5 , 0.7 , 12.8 , 11.0 , 1.3 
P1G12,P1G-12,ROCKFORD,12” stamped mesh grille insert,780687339883,$34.99,$21.00, 10 , 10.4 , 15.5 , 14.3 , 15.8 , 1.0 , 15.3 , 13.5 , 1.5 
P1G15,P1G-15,ROCKFORD,15” stamped mesh grille insert,780687339890,$44.99,$26.00, 10 , 14.8 , 19.0 , 17.3 , 18.5 , 1.5 , 18.3 , 16.3 , 1.5 
RFBTRCA,RFBTRCA,ROCKFORD,Universal Bluetooth receiver to RCA for wireless streaming,780687345716,$74.99,$48.00, 40 , 11.6 , 12.3 , 14.0 , 27.8 , 0.3 , 7.5 , 5.5 , 2.5 
RFHLC4,RF-HLC4,ROCKFORD,4ch speaker level to RCA output,780687342449,$59.99,$34.00, 20 , 12.2 , 13.3 , 12.3 , 13.8 , 0.6 , 6.0 , 1.9 , 7.7 
RFHLC,RF-HLC,ROCKFORD,2ch speaker level to RCA output,780687340773,$34.99,$17.00, 20 , 11.8 , 17.3 , 14.0 , 14.3 , 0.6 , 7.3 , 6.0 , 2.0 
RFI2SW,RFI2SW,ROCKFORD,Speaker wire to male RCA connectors,780687330477,$14.99,$7.60, 40 , 13.6 , 13.5 , 12.5 , 17.5 , 0.3 , 6.0 , 7.0 , 1.5 
RFIF2SW,RFIF2SW,ROCKFORD,Speaker wire to female RCA connectors,780687342623,$14.99,$7.60, 40 , 10.4 , 13.3 , 12.5 , 17.5 , 0.3 , 7.3 , 6.0 , 1.5 
RFK1,RFK1,ROCKFORD,"Power only amp kit: 17ft 1/0AWG power wire, 3ft 1/0AWG ground wire, 20ft remote wire, ANL/Maxi fuse holder, 
300 amp fuse",780687325473,$439.99,$221.00, 4 , 41.6 , 22.5 , 12.5 , 8.8 , 10.4 , 13.5 , 11.3 , 2.0 
RFK1D,RFK1D,ROCKFORD,"Dual amp complete kit: 17ft 1/0AWG power wire, 4ft 4AWG power wire, 3ft 1/0AWG ground wire, 4ft 4AWG ground wire, 30ft 16AWG spkr wire, (3) 16ft twisted pair RCA’s, (2) 4AWG dist block, 20ft remote wire, ANL/Maxi fuse holder, 300 amp fuse",780687330484,$559.99,$293.00, 2 , 34.6 , 22.8 , 12.3 , 12.5 , 17.3 , 13.5 , 11.0 , 3.0 
RFK4D,RFK4D,ROCKFORD,"Dual amp complete kit: 17ft 4AWG power wire, 6ft 8AWG power wire, 3ft 4AWG ground wire, 6ft 8AWG ground wire, 30ft 16AWG spkr wire, (2) 16ft twisted pair RCA’s, 4AWG distribution block, 20ft remote wire, maxi fuse holder, 60 amp fuse",780687325510,$309.99,$159.00, 4 , 35.0 , 17.8 , 16.3 , 13.3 , 8.8 , 10.0 , 8.0 , 2.5 
RFK4X,RFK4X,ROCKFORD,"Complete amp kit: 17ft 4AWG power wire, 3ft 4AWG ground wire, 30ft 16AWG spkr wire, (1) 16ft twisted pair RCA, 20ft remote wire, maxi fuse holder, 60 amp fuse
",780687325534,$249.99,$134.00, 4 , 25.0 , 23.5 , 13.0 , 8.3 , 6.3 , 10.0 , 7.0 , 4.0 
RFK4I,RFK4I,ROCKFORD,"Power interconnect amp kit: 17ft 4AWG power wire, 3ft 4AWG ground wire, (1) 16ft twisted pair RCA, 20ft remote wire, maxi fuse holder, 60 amp fuse",780687325527,$219.99,$111.00, 8 , 41.2 , 22.5 , 12.5 , 15.8 , 5.2 , 13.5 , 11.0 , 2.0 
RFK4,RFK4,ROCKFORD,"Power only amp kit: 17ft 4AWG power wire, 3ft 4AWG ground wire, 20ft remote wire, maxi fuse holder, 60 amp fuse",780687325503,$189.99,$96.00, 8 , 38.0 , 13.5 , 12.5 , 14.3 , 4.8 , 11.3 , 6.5 , 12.0 
RFK8X,RFK8X,ROCKFORD,"Complete amp kit: 17ft 8AWG power wire, 3 foot 8AWG ground wire, 30ft 16AWG spkr wire, (1) 16ft twisted pair RCA, 20ft remote wire, AGU fuse holder, 40 amp fuse",780687325565,$169.99,$87.00, 8 , 31.2 , 23.5 , 13.3 , 13.3 , 3.9 , 10.0 , 7.3 , 4.5 
RFK8I,RFK8I,ROCKFORD,"Power interconnect amp kit: 17ft 8AWG power wire, 3ft 8AWG ground wire, (1) 16ft twisted pair RCA, 20ft remote wire, AGU fuse holder, 40 amp fuse",780687325558,$139.99,$64.00, 20 , 46.6 , 21.0 , 14.0 , 10.5 , 2.3 , 8.5 , 7.5 , 4.3 
RFK8,RFK8,ROCKFORD,"Power only amp kit: 17ft 8AWG power wire, 3ft 8AWG ground wire, 20ft remote wire, AGU fuse holder, 40 amp fuse",780687325541,$119.99,$57.00, 20 , 40.4 , 13.5 , 12.5 , 14.0 , 2.0 , 10.0 , 4.0 , 6.8 
RFIT3,RFIT-3,ROCKFORD,3 ft premium dual twist signal cable with 6 cut connectors,780687325398,$34.99,$17.00, 40 , 14.0 , 13.8 , 12.5 , 17.8 , 0.4 , 6.0 , 7.0 , 1.5 
RFIT6,RFIT-6,ROCKFORD,6 ft premium dual twist signal cable with 6 cut connectors,780687325404,$34.99,$18.00, 40 , 16.4 , 13.5 , 12.5 , 17.5 , 0.4 , 7.0 , 5.5 , 1.0 
RFIT10,RFIT-10,ROCKFORD,10 ft premium dual twist signal cable with 6 cut connectors,780687325367,$44.99,$22.00, 40 , 20.0 , 13.8 , 12.5 , 17.5 , 0.5 , 11.5 , 8.3 , 6.0 
RFIT16,RFIT-16,ROCKFORD,16 ft premium dual twist signal cable with 6 cut connectors,780687325374,$54.99,$29.00, 20 , 13.8 , 13.5 , 12.5 , 14.0 , 0.7 , 7.0 , 5.5 , 2.0 
RFIT20,RFIT-20,ROCKFORD,20 ft premium dual twist signal cable with 6 cut connectors,780687325381,$59.99,$35.00, 20 , 13.1 , 13.3 , 12.8 , 13.3 , 0.7 , 12.5 , 6.5 , 11.5 
RFITY1M,RFITY-1M,ROCKFORD,Premium Y adapter 1 male to 2 female with 6 cut connectors,780687326982,$19.99,$9.20, 40 , 10.8 , 13.8 , 12.5 , 17.5 , 0.3 , 7.3 , 5.8 , 1.3 
RFITY1F,RFITY-1F,ROCKFORD,Premium Y adapter 1 female to 2 male with 6 cut connectors,780687326999,$19.99,$9.20, 40 , 10.4 , 13.5 , 12.5 , 17.3 , 0.3 , 7.3 , 5.8 , 1.3 
RFI3,RFI-3,ROCKFORD,3 ft twisted pair signal cable,780687325336,$14.99,$6.00, 40 , 10.8 , 14.0 , 13.0 , 18.0 , 0.3 , 6.0 , 7.5 , 1.5 
RFI6,RFI-6,ROCKFORD,6 ft twisted pair signal cable,780687325343,$14.99,$7.60, 40 , 9.8 , 13.5 , 12.5 , 17.5 , 0.3 , 5.0 , 4.0 , 0.5 
RFI10,RFI-10,ROCKFORD,10 ft twisted pair signal cable,780687325305,$19.99,$9.20, 40 , 17.6 , 12.5 , 13.5 , 17.5 , 0.4 , 7.0 , 6.0 , 1.5 
RFI16,RFI-16,ROCKFORD,16 ft twisted pair signal cable,780687325312,$19.99,$10.50, 20 , 12.4 , 14.0 , 13.0 , 14.0 , 0.6 , 7.0 , 6.0 , 2.0 
RFI20,RFI-20,ROCKFORD,20 ft twisted pair signal cable,780687325329,$24.99,$14.00, 20 , 14.2 , 13.5 , 12.5 , 13.8 , 0.7 , 7.3 , 5.8 , 2.3 
RFIY1M,RFIY-1M,ROCKFORD,Twisted pair Y adapter 1 male to 2 female,780687325466,$9.99,$4.70, 40 , 9.4 , 13.5 , 12.5 , 17.5 , 0.2 , 6.0 , 7.0 , 1.5 
RFIY1F,RFIY-1F,ROCKFORD,Twisted pair Y adapter 1 female to 2 male,780687325459,$9.99,$4.70, 40 , 8.1 , 13.5 , 12.5 , 17.5 , 0.2 , 6.0 , 7.0 , 1.5 
RFIS,RFIS,ROCKFORD,"RCA splices two male ends together, 
pack of 2, (1) black, (1) red",780687325350,$9.99,$4.00, 100 , 12.4 , 20.8 , 9.5 , 28.0 , 0.1 , 5.5 , 4.5 , 1.5 
RFDGM,RFDGM,ROCKFORD,"GM battery post extender, platinum finish",780687325121,$9.99,$5.80, 80 , 18.8 , 20.8 , 9.5 , 22.8 , 0.2 , 20.0 , 9.5 , 5.0 
RFDGML,RFDGML,ROCKFORD,"GM battery post extender for double stacked terminals, platinum finish",780687325138,$14.99,$7.50, 80 , 20.2 , 20.5 , 9.5 , 22.8 , 0.3 , 20.0 , 9.5 , 5.0 
RFDB1,RFDB1,ROCKFORD,"Positive/negative battery terminal clamp, platinum finish, (2) 1/0 AWG/ 4 AWG input/output, (2) 8 AWG input/output",780687325107,$54.99,$29.00, 80 , 45.0 , 20.5 , 9.5 , 27.8 , 0.6 , 6.0 , 4.0 , 2.0 
RFDB4,RFDB4,ROCKFORD,"Positive/negative battery terminal clamp, platinum finish (2) 4 AWG/8 AWG input/output",780687325114,$29.99,$15.00, 80 , 30.6 , 20.8 , 9.5 , 22.5 , 0.4 , 6.0 , 4.0 , 2.0 
RFCB100,RFCB100,ROCKFORD,100 amp circuit breaker 1/0 AWG/ 4 AWG inputs,780687325039,$74.99,$40.00, 40 , 29.4 , 12.0 , 13.3 , 28.5 , 0.7 , 7.5 , 6.0 , 2.5 
RFCB140,RFCB140,ROCKFORD,140 amp circuit breaker 1/0 AWG/ 4 AWG inputs,780687325046,$74.99,$40.00, 40 , 29.0 , 13.8 , 12.3 , 27.8 , 0.7 , 5.8 , 4.5 , 1.5 
RFCB200,RFCB200,ROCKFORD,200 amp circuit breaker 1/0 AWG/ 4 AWG inputs,780687325053,$74.99,$40.00, 40 , 29.0 , 21.0 , 9.5 , 23.0 , 0.7 , 5.8 , 4.5 , 1.5 
RFTB4,RFTB4,ROCKFORD,"4 AWG seamed crimp style barrier spade (FORK), platinum finish, 4 pack",780687325596,$9.99,$4.10, 100 , 16.4 , 20.5 , 9.5 , 27.8 , 0.2 , 5.5 , 4.3 , 2.0 
RFFU40,RFFU40,ROCKFORD,"40 amp AGU fuse, 4 Pack, platinum finish",780687325282,$9.99,$5.70, 100 , 17.8 , 20.8 , 9.5 , 28.0 , 0.2 , 11.0 , 4.8 , 3.5 
RFFU60,RFFU60,ROCKFORD,"60 amp AGU fuse, 4 Pack, platinum finish",780687325299,$9.99,$5.70, 100 , 17.4 , 20.5 , 9.5 , 28.0 , 0.2 , 10.0 , 8.0 , 10.5 
RFFM60,RFFM60,ROCKFORD,"60 amp Maxi fuse, 2 Pack, platinum finish",780687325251,$9.99,$4.00, 100 , 13.9 , 21.0 , 9.3 , 28.0 , 0.1 , 5.0 , 4.0 , 2.0 
RFFM80,RFFM80,ROCKFORD,"80 amp Maxi fuse, 2 Pack, platinum finish",780687325268,$9.99,$4.00, 100 , 13.9 , 21.0 , 9.8 , 27.5 , 0.1 , 5.8 , 4.5 , 1.5 
RFFM100,RFFM100,ROCKFORD,"100 amp Maxi fuse, 2 Pack, platinum finish",780687325237,$9.99,$4.00, 100 , 16.2 , 20.0 , 10.0 , 28.0 , 0.2 , 5.5 , 4.5 , 1.5 
RFFA100,RFFA100,ROCKFORD,"100 amp ANL fuse, 2 Pack, platinum finish",780687325152,$14.99,$8.90, 100 , 13.9 , 20.5 , 9.3 , 22.8 , 0.1 , 20.0 , 9.5 , 5.0 
RFFA150,RFFA150,ROCKFORD,"150 amp ANL fuse, 2 Pack, platinum finish",780687325169,$14.99,$8.90, 100 , 17.8 , 20.8 , 9.5 , 28.0 , 0.2 , 20.0 , 9.5 , 5.0 
RFFA200,RFFA200,ROCKFORD,"200 amp ANL fuse, 2 Pack, platinum finish",780687325176,$14.99,$8.90, 100 , 18.4 , 20.5 , 9.3 , 28.0 , 0.2 , 5.5 , 4.5 , 2.0 
RFFA300,RFFA300,ROCKFORD,"300 amp ANL fuse, 2 Pack, platinum finish",780687325183,$14.99,$8.90, 100 , 16.4 , 20.5 , 9.5 , 27.8 , 0.2 , 5.8 , 4.5 , 1.5 
RFFA500,RFFA500,ROCKFORD,"500 amp ANL fuse, 2 Pack, platinum finish",780687326791,$14.99,$8.90, 100 , 19.0 , 20.5 , 9.2 , 28.0 , 0.2 , 7.5 , 5.8 , 2.3 
RFFANL,RFFANL,ROCKFORD,"Inline ANL/Maxi fuse holder, platinum finish,
accepts 1/0 AWG or 4 AWG wire",780687325206,$64.99,$34.00, 40 , 45.6 , 13.5 , 12.5 , 28.3 , 1.1 , 20.0 , 9.5 , 5.0 
RFFMXI,RFFMXI,ROCKFORD,"Inline MAXI fuse holder, platinum finish,
accepts 4AWG or 8AWG wire",780687331528,$14.99,$9.20, 80 , 28.4 , 20.5 , 9.5 , 22.5 , 0.4 , 20.0 , 9.5 , 5.0 
RFFAGU,RFFAGU,ROCKFORD,"Inline AGU fuse holder, platinum finish,
accepts 4 AWG or 8 AWG wire",780687325190,$14.99,$9.00, 40 , 22.5 , 20.5 , 9.3 , 27.8 , 0.6 , 5.0 , 7.0 , 2.0 
RFFDAGU,RFFDAGU,ROCKFORD,"Fused AGU distribution block, platinum finish, accepts 1/0 AWG/ 4 AWG inputs, (2) 4 AWG/8 AWG outputs",780687325213,$54.99,$30.00, 40 , 39.0 , 13.8 , 12.3 , 28.0 , 1.0 , 20.0 , 9.5 , 5.0 
RFD4,RFD4,ROCKFORD,"Distribution block, platinum finish, (1) 1/0 AWG/ 4 AWG inputs, (3) 4 AWG/ 8 AWG outputs",780687325091,$34.99,$18.00, 80 , 44.5 , 20.8 , 9.5 , 28.0 , 0.6 , 5.8 , 4.5 , 1.5 
RFD1,RFD1,ROCKFORD,"Distribution block, platinum finish, (1) 1/0 AWG/ 4 AWG inputs, (2) 1/0 AWG/ 4 AWG outputs",780687325084,$34.99,$18.00, 80 , 44.4 , 20.5 , 9.3 , 22.3 , 0.6 , 5.5 , 4.5 , 1.5 
RFC10HB,RFC10HB,ROCKFORD,"10 farad hybrid digital cap, (3) 1/0 AWG/ 4 AWG power inputs, (3) 1/0 AWG/ 4 AWG ground inputs, plat plated, volt/amp meter",780687325008,$709.99,$381.00, 8 , 43.4 , 16.5 , 13.5 , 18.3 , 5.4 , 7.5 , 5.5 , 2.5 
RFW1R51,RFW1R-51,ROCKFORD,"51 ft spool, 1/0 AWG frosted red wire, full spec",780687327743,$659.99,$358.00, 1 , 23.8 , 12.5 , 12.5 , 7.0 , 23.8 , 12.5 , 12.5 , 7.0 
RFW1B51,RFW1B-51,ROCKFORD,"51 ft spool, 1/0 AWG frosted black wire, full spec",780687327750,$659.99,$362.00, 1 , 23.8 , 12.5 , 12.5 , 6.5 , 23.8 , 12.5 , 12.5 , 6.5 
RFW4R,RFW4R,ROCKFORD,"100 ft spool, 4 AWG frosted red wire, full spec",780687325701,$489.99,$275.00, 1 , 18.8 , 12.5 , 12.3 , 7.0 , 18.8 , 12.5 , 12.3 , 7.0 
RFW4B,RFW4B,ROCKFORD,"100 ft spool, 4 AWG frosted black wire, full spec",780687325695,$499.99,$276.00, 1 , 20.2 , 13.5 , 12.3 , 6.8 , 20.2 , 13.5 , 12.3 , 6.8 
RFW8R,RFW8R,ROCKFORD,"250 ft spool, 8 AWG frosted red wire, full spec",780687325732,$659.99,$356.00, 1 , 20.2 , 12.3 , 12.0 , 7.3 , 20.2 , 12.3 , 12.0 , 7.3 
RFW8B,RFW8B,ROCKFORD,"250 ft spool, 8 AWG frosted black wire, full spec",780687325725,$659.99,$352.00, 1 , 20.8 , 12.3 , 12.0 , 7.3 , 20.8 , 12.3 , 12.0 , 7.3 
RFW12250,RFW12-250,ROCKFORD,"250 ft spooled speaker wire, 12 AWG frosted black/silver, full spec",780687325640,$459.99,$245.00, 1 , 20.0 , 14.3 , 14.3 , 7.0 , 20.0 , 14.3 , 14.3 , 7.0 
RFW161000,RFW16-1000,ROCKFORD,"1000 ft spooled speaker wire, 16 AWG frosted black/silver, full spec",780687325657,$719.99,$394.00, 1 , 36.4 , 14.5 , 14.3 , 8.5 , 36.4 , 14.5 , 14.3 , 8.5 
RFWP1215,RFWP12-15,ROCKFORD,"15 ft packaged speaker wire, 12 AWG frosted black/silver, full spec",780687325756,$39.99,$22.00, 20 , 25.0 , 13.5 , 12.5 , 13.8 , 1.3 , 7.5 , 5.8 , 2.3 
RFWP1630,RFWP16-30,ROCKFORD,"30 ft packaged speaker wire, 16 AWG frosted black/silver, full spec",780687325763,$44.99,$23.00, 20 , 24.5 , 13.5 , 12.3 , 13.8 , 1.2 , 7.5 , 5.8 , 2.3 
RFTS1,RFTS1,ROCKFORD,"1/0 AWG seamed crimp style ring terminal, platinum finish, 2 pack",780687325619,$9.99,$5.00, 100 , 20.0 , 20.5 , 9.5 , 28.0 , 0.2 , 5.5 , 4.5 , 1.5 
RFTS4,RFTS4,ROCKFORD,"4 AWG seamed crimp style ring terminal, platinum finish, 4 pack",780687325626,$9.99,$5.10, 100 , 22.4 , 20.5 , 9.6 , 28.0 , 0.2 , 5.8 , 4.5 , 1.5 
