Part #,Description,UPC,Base Price,Discounted Base, Map ,MSRP,Case Qty
AP4-CH21,***Serialized*** AmpPRO for select 2008-2015 Chrysler (medium speed) vehicles. Audio Output Interface for Vehicles with Digital Audio System,6.09099E+11,291.02,247.37,419,499,40
AP4-CH41(R.2),***Serialized*** AmpPRO 2013-2019 Chrysler Vehicles Works w/Non Amplified and Amplified,6.09099E+11,291.02,247.37,419,499,32
AP4-CH42,***Serialized*** AmpPRO 2020-2023 Chrysler Vehicles Works w/Non Amplified and Amplified ,6.09099E+11,291.02,247.37,419,499,32
AP4-FD11,***Serialized*** AmpPRO for Select Ford and Lincoln vehicles with 24-pin 16-pin and 8-pin connectors Audio output interface for vehicles,6.09099E+11,291.02,247.37,419,499,32
AP4-FD21,***Serialized*** AmpPRO for Select 2010-2017 Ford (Sony) Vehicles. Audio Output Interface for Vehicles with Digital Audio System.,6.09099E+11,291.02,247.37,419,499,32
AP4-FD31,***Serialized*** Amplifier Integration Interface for Select 2018+ Ford vehicles with A2B Amplified System  ,6.09099E+11,331.3,281.61,479,549,32
AP4-GM61,***Serialized*** AmpPRO for Select GM vehicles with 20-pin and 8-pin connectors (MOST50) Audio output interface for vehicles,6.09099E+11,331.3,281.61,479,549,32
AP4-GM71,***Serialized***Amplifier Integration Interface for Select 2018+ GM vehicles with AVB Ethernet Amplified System ,6.09099E+11,331.3,281.61,479,549,32
AP4-TY11,***Serialized*** AmpPRO for Select Toyota and Lexus vehicles with two 20-pin connectors Audio Output interface for vehicles with a digital audio system,6.09099E+11,291.02,247.37,419,499,32
AP4-TY12,***Serialized*** AmpPRO for Select Toyota and Lexus vehicles with 28-pin 10-pin and 6-pin connectors Audio Output interface for vehicles,6.09099E+11,291.02,247.37,419,499,32
AP4-TY13,***Serialized*** AmpPRO for Select Toyota and Lexus vehicles with 24-pin and 30-pin connectors Audio output interface for vehicles,6.09099E+11,291.02,247.37,419,499,32
AP4-TY14,"***Serialized*** AmpPRO for Select Toyota and Lexus vehicles 2021-2024, Audio output interface for vehicles",6.09099E+11,291.02,247.37,419,499,32
APSUB-CH21,***Serialized*** Subwoofer Amplifier Integration Interface for Select 2008-2015 Chrysler Dodge Jeep and RAM vehicles with amplified sound,6.09099E+11,160.89,136.76,239,329,32
APSUB-CH41,***Serialized*** Subwoofer Amplifier Integration Interface for Select 2013-2019 Chrysler Dodge Jeep and RAM vehicles with amplified sound,6.09099E+11,160.89,136.76,239,329,32
APSUB-CH42,***Serialized*** Subwoofer Amplifier Integration Interface for Select 2020-2023 Chrysler Dodge Jeep and RAM vehicles with amplified sound ,6.09099E+11,160.89,136.76,239,329,32
APSUB-FD21,"***Serialized*** Subwoofer Amplifier Integration Interface for Select 2010-2017 Ford vehicles with 8.4"" Radio and Factory Sony Amplified System",6.09099E+11,160.89,136.76,239,329,32
APSUB-GM61,***Serialized*** Subwoofer Amplifier Integration Interface for Select GM vehicles with 20-pin and 8-pin connectors (MOST50) Audio output interface for,6.09099E+11,193.38,164.37,299,379,32
APSUB-TY12,***Serialized*** Subwoofer Amplifier Integration Interface for Select 2014+ Toyota and Lexus vehicles with Premium Amplified Sound Systems,6.09099E+11,160.89,136.76,239,329,32
APSUB-TY13,Subwoofer Amplifier Integration,6.09099E+11,160.89,136.76,239,329,32
AP4-FD32,***Serialized*** Amplifier Integration Interface for Select Ford vehicles with Amplified System,6.09099E+11,331.3,281.61,479,549,32
AP4-GM81,*** SERIALIZED*** GM A2B AmpPro,6.09099E+11,331.3,281.61,479,549,
A1100.5,"***Serialized***AudioControl A Series 5ch amplifier - 125Wx4+600Wx1 @2ohm, 90Wx4+400Wx1@4ohm",8.50039E+11,369.39,313.98,579,779,3
A1500.1,"***Serialized***AudioControl A Series Mono block amplifier - 1500w@1.33ohm, 1200w@2ohm, 600W/Ch@4ohm",8.50039E+11,219,186.15,349,449,4
A600.4,"***Serialized***AudioControl A Series 4ch full range amplifier - 150w x4 @2ohm, 100w x4 @4ohm",8.50039E+11,208.79,177.47,319,429,4
A800.1,"***Serialized***AudioControl A Series Mono block amplifier - 800w@1.33 ohm 600w@2ohm, 400w@4ohm",8.50039E+11,169,143.65,249,349,4
AC-BT24,***Serialized*** AudioControl Bluetooth Streamer/Programmer Black,8.51523E+11,119.86,101.88,159,209,30
AC-LGD,AudioControl Load Generating Device Two Pack With Wires (new packaging) Black 12 V,8.51523E+11,29.97,25.47,0,69,80
AC-LGD-20,AudioControl Load Generating Device Two Pack With Wires Black 12 V,8.51523E+11,29.97,25.47,0,69,80
AC-LGD-60,AudioControl Load Generating Device Two Pack With Wires Black 12 V,8.51523E+11,29.97,25.47,0,69,30
ACM-4.300,***Serialized*** AudioControl Four Channel Micro Amplifier Black 12 V.     10 Per Case,8.51523E+11,446.04,379.13,0,1049,10
ACR-1,AudioControl SINGLE ACR-1  REMOTE,8.55814E+11,32.36,27.51,0,79,48
ACR-2,AudioControl SINGLE ACR-2  REMOTE,8.55814E+11,23.37,19.86,0,55.99,48
ACR-3,AudioControl SINGLE ACR-3  REMOTE,8.55814E+11,23.37,19.86,0,55.99,48
ACR-4,ACR-4 Remote Control Knob for EPICENTER MICRO,6.09099E+11,42.74,36.33,0,99,48
ACR-E,"AudioControl EPIC Series amplifier Remote Set (Cable, Remote & Screws) -ONLY for EPIC Amps",- None -,30.74,26.13,0,49,0
ACR-U,AudioControl Universal Remote Level Control Black 12 V,8.51523E+11,52.45,44.58,0,119,0
ACX-3.2,*Serialized*** ALL-WEATHER EQUALIZER & CROSSOVER WITH PAGING MIC,8.51523E+11,361.86,307.58,529,709,6
ACX-300.1,***Serialized*** AudioControl Mono Subwoofer All-Weather Amplifier with AccuBASS Black 12 V,8.51523E+11,146.16,124.24,0,339,4
ACX-300.2,***Serialized*** ACX-300.2 all weather two channel amplifier ,8.50039E+11,189.74,161.28,529,709,
ACX-300.4,***Serialized*** AudioControl Four Channel All-Weather Amplifier Black 12 V,8.51523E+11,196.43,166.97,0,459,4
ACX-600.1,***Serialized***ACX-600.1 all weather monoblock amplifier ,8.50039E+11,232.03,197.23,409,559,4
ACX-650.5,***Serialized***ACX-650.5 all weather five channel amplifier ,8.50039E+11,332.33,282.48,549,739,0
ACX-BT1,AudioControl All-Weather Bluetooth Streamer Black 12 V,8.51523E+11,67.42,57.31,0,159,40
D-4.800,***Serialized*** AudioControl D-4.800 4 CH DSP AMPLIFIER W/OPTION PORT,8.55814E+11,586.83,498.81,0,1899,2
D-5.1300,***Serialized*** AudioControl Five Channel DSP Matrix Amplifier Black 12 V,8.51523E+11,822.15,698.83,0,2779,2
D-6.1200,***Serialized*** AudioControl Six Channel Matrix DSP Amplifier Black 12 V,8.51523E+11,822.15,698.83,0,2939,5
DM-810,"***Serialized*** AudioControl 8x10 Matrix DSP With EQ, AccuBASS(R), Crossover and Signal Delay Black 12 V",8.55814E+11,444.75,378.04,829,1109,4
DM-RTA,***Serialized*** AudioControl Real Time Analyzer Black 120 V,8.51523E+11,674.22,573.09,949,1279,0
DM-RTA BASE KIT,AudioControl Case / Cables / Power Supply Blue 12 V,8.51523E+11,306.47,260.5,479,639,0
EPIC1000,"***Serialized*** AudioControl EPIC Series Mono block amplifier - 1000w@1ohm 750w@2ohm, 500w@4ohm",8.50039E+11,139.6,118.66,219,209,4
EPIC1500,"***Serialized*** AudioControl EPIC Series Mono block amplifier - 1500w@1ohm, 1000w@2ohm, 750w@4ohm",8.50039E+11,170.49,144.92,259,249,4
EPIC2000,"***Serialized***AudioControl EPIC Series Mono block amplifier - 2000w@1ohm, 1500w@2ohm, 1000w@4ohm",8.50039E+11,228.56,194.28,349,329,4
EPIC3500,"***SERIALIZED*** AudioControl EPIC Series Mono block amplifier 3500w @1ohm, 2000w @2ohm, 1000w@4ohm",8.10194E+11,349.8,297.33,509,479,0
EPIC500,"***SERIALIZED*** AudioControl EPIC Series Mono amplifier 250x1 @4, 375x1@2, 500x1@1",8.10194E+11,94.34,80.19,139,129,0
EPIC750,"***Serialized*** AudioControl EPIC Series Mono block amplifier - 750w@1 ohm 500w@2ohm, 350w@4ohm",8.50039E+11,116.13,98.71,189,179,4
EPICBIGFOUR,"***SERIALIZED*** AudioControl EPIC Series 4 channel full range amplifier - 350w x4 @2 ohm, 200w x4 @4ohm 800w x2 @ 4ohm Bridged",8.10194E+11,157.94,134.25,239,229,0
EPICENTER Billet LE,EPICENTER Limited Edition 2025,8.10194E+11,184.08,156.47,209,219,8
EPICENTER MICRO PRO,"***Serialized*** AudioControl Bass Restoration Processor and LOC Black 12 V  with Line Driver ""Pro"" Version",8.50039E+11,174.9,148.67,229,259,7
Epicenter Pro,***SERIALIZED*** Epicenter Pro version AudioControl Bass Restoration Processor with Line Driver ,8.10194E+11,164.3,139.66,199,259,0
EPICFIVE,"***Serialized***AudioControl EPIC Series 5 channel amplifier - 150w x4+300x1@2ohm, 75w x4 or 300wx2@4ohm+700w @1ohm ch5",8.50039E+11,172.96,147.02,259,249,4
EPICFOUR,"***Serialized*** AudioControl EPIC Series 4 channel full range amplifier - 150w x4 @2ohm, 100w x4 @4ohm,  300w x2 @4ohm Bridged",8.50039E+11,123.54,105.01,199,189,4
LC-1.1500,***Serialized*** AudioControl High Power Subwoofer Amplifier with AccuBASS Black 12 V.    5 Per case,8.51523E+11,517.64,439.99,0,949,5
LC-1.800,***Serialized*** AudioControl High Power Subwoofer Amplifier with AccuBASS Black 12 V,8.51523E+11,332.33,282.48,0,779,5
LC1i,***Serialized*** AudioControl 2ch Line Out Converter and Line Driver Black 12 V,8.51523E+11,64.86,55.13,0,149,48
LC2i PRO,***Serialized*** AudioControl 2ch Line Out Converter with AccuBASS Black 12 V,8.51523E+11,103.77,88.2,159,209,24
LC-4.800,***Serialized*** AudioControl Four Channel High Power Amplifier with AccuBASS BLACK 12 V,8.55814E+11,418.81,355.99,0,989,5
LC-5.1300,***Serialized*** AudioControl Five Channel Amplifier with AccuBASS Black 12 V.    5 Per case,8.51523E+11,579.42,492.51,0,1369,5
LC5iPRO,***Serialized*** LC5iPro: 4ch in - 6ch out Line Out Converter,8.50039E+11,147.01,124.96,259,359,6
LC-6.1200,***Serialized*** AudioControl Six Channel Amplifier with AccuBass Black 12 V,8.51523E+11,579.42,492.51,0,1369,5
LC7iPRO,***Serialized***LC7iPro: 6ch in - 6ch out Line Out Converter,8.50039E+11,179.14,152.27,329,439,6
LC8i,***Serialized*** AudioControl Eight Channel Line Output Converter with Auxiliary Input Black 12 V,8.55814E+11,194.58,165.39,0,459,4
MATRIX PLUS,***Serialized*** AudioControl Six Channel Line Driver Black 12 V,8.51523E+11,163.44,138.92,249,339,4
SPC-W10,"***Serialized***Universal wedge style 10"" loaded subwoofer enclosure",8.50039E+11,253.73,215.67,479,639,0
SPC-W12,"*** SERIALIZED*** Universal wedge style 12"" loaded subwoofer enclosure",8.50039E+11,285.2,242.42,529,709,0
SPK-V10,"*** SERIALIZED*** SPK Series loaded vented 10"" subwoofer enclosure",8.50039E+11,328.47,279.2,579,779,0
SPK-V12,"*** SERIALIZED *** SPK Series loaded vented 12"" subwoofer enclosure",8.50039E+11,361.12,306.95,629,859,0
SPK-V8,"*** SERIALIZED *** SPK Series loaded vented 8"" subwoofer enclosure",8.50039E+11,250.77,213.15,479,639,0
The Epicenter (Black),***Serialized*** AudioControl Bass Restoration Processor,8.55814E+11,146.85,124.82,169,239,4
TXFBB12,"***Serialized***2021 Ford Bronco Swing-gate 12"" Sealed loaded subwoofer enclosure",6.09099E+11,440.31,374.26,629,799,1
TXFF15D10,"***SERIALIZED***Dual 10"" AC SPC subwoofer Sealed Loaded enclosure for 2015-2023 Ford F Series",6.09099E+11,661.85,562.57,1199,1299,1
TXGM14D10,"***Serialized***Dual 10"" AC SPC subwoofer Sealed Loaded enclosure 2014-2018 GM Truck (Silverado)",6.09099E+11,661.85,562.57,1199,1299,1
TXGM19D10,"*** SERIALIZED *** Dual 10"" AC SPK subwoofer loaded enclosure for 2019+",6.09099E+11,732.45,622.58,1299,1399,1
TXJTD8,"***Serialized*** Jeep Gladiator under-seat dual 8"" loaded enclosure",6.09099E+11,541.48,460.26,849,999,1
TXJWB12,***Serialized*** Jeep Wrangler Swing Gate,6.09099E+11,440.3,374.26,629,799,1
TXRM02D10,"Dual 10"" AC SPC subwoofer Loaded enclosure for Ram 02-18 ram Quad cab 1500",6.09099E+11,661.85,562.57,1199,1299,0
TXTRB10,**SERIALIZATION ITEM** Universal Underseat Truck,6.09099E+11,159.67,135.72,579,649,1
TXTRB10BB,"***Serialized*** Bass Booster for TXTRB10 Loaded 10""",6.09099E+11,74.88,63.65,209,299,0
AAI-GM12,AUX AUDIO INPUT GM 12 PIN,606523105743,44.33,37.68,0,119,40
AAI-GM9,AUX AUDIO INPUT FOR GM 9 PIN,606523105712,44.33,37.68,0,119,40
AAI-HD3,HONDA AUDIO INPUT INTERFACE FOR SELECT 2003-2011 WITH 14PIN RADIO CONNECTOR,609098813419,80.4,68.34,0,219,24
ADD-HON20,HONDA 20 PIN TEE HARNESS TO 18 PIN CJA571 @500,606523107228,7.12,6.05,0,19,0
ANC-CH01,ANC BYPASS HARNESS FOR SELECT CHRYSLER VEHICLES W ANC MODULES WHEN INSTALLING AP4-CH41,609098831680,20.74,17.63,0,59,200
AOEM-CHR2,2002 & UP CHRYSLER ADD AN AMP,606523105873,61.96,52.67,0,159,4
AOEM-CHR3,2007 & UP CHRYSLER ADD AN AMP INTERFACE,606523107556,48.33,41.08,0,129,4
AOEM-FRD24,FORD/LINCOLN CABLE LIMITED CAR KIT,606523107402,48.33,41.08,0,129,4
AOEM-GM1416,2007 GM TRUCK AND SUV ADD AN AMP,606523106832,48.33,41.08,0,129,4
AOEM-GM1416A,2007 HHR 11 BIT GMLAN ADD AN AMP,606523107426,69.5,59.08,0,179,4
AOEM-GM21A,99-01 GM SUV KIT,606523105354,48.33,41.08,0,129,4
AOEM-GM24,2003 GM CLASSII AMP INTEGRATION KIT,606523105767,48.33,41.08,0,129,4
AOEM-HON17,2007 AND UP HONDA 17 PIN CONNECTOR ADD AN AMP INTERFACE,606523107198,58.79,49.97,0,149,4
AOEM-HON20,1998-2007 AND UP HONDA 20 PIN CONNECTOR ADD AN AMP INTERFACE,606523107204,48.33,41.08,0,129,4
AOEM-MAZ2,ADD AN AMP KIT MAZDA 2001+ WITH 24 PIN CONNECTOR. NOT FOR CX7 OR CX9 W/BOSE,606523107457,48.33,41.08,0,129,4
AP4-CH21,***Serialized*** AmpPRO for select 2008-2015 Chrysler (medium speed) vehicles. Audio Output Interface for Vehicles with Digital Audio System,609098819961,291.02,247.37,419,499,40
AP4-CH41(R.2),***Serialized*** AmpPRO 2013-2019 Chrysler Vehicles Works w/Non Amplified and Amplified,609098817011,291.02,247.37,419,499,32
AP4-CH42,***Serialized*** AmpPRO 2020-2023 Chrysler Vehicles Works w/Non Amplified and Amplified ,609098906401,291.02,247.37,419,499,32
AP4-FD11,***Serialized*** AmpPRO for Select Ford and Lincoln vehicles with 24-pin 16-pin and 8-pin connectors Audio output interface for vehicles,609098826082,291.02,247.37,419,499,32
AP4-FD21,***Serialized*** AmpPRO for Select 2010-2017 Ford (Sony) Vehicles. Audio Output Interface for Vehicles with Digital Audio System.,609098817042,291.02,247.37,419,499,32
AP4-FD31,***Serialized*** Amplifier Integration Interface for Select 2018+ Ford vehicles with A2B Amplified System  ,609098900409,331.3,281.61,479,549,32
AP4-GM61,***Serialized*** AmpPRO for Select GM vehicles with 20-pin and 8-pin connectors (MOST50) Audio output interface for vehicles,609098826105,331.3,281.61,479,549,32
AP4-GM71,***Serialized***Amplifier Integration Interface for Select 2018+ GM vehicles with AVB Ethernet Amplified System ,609098903509,331.3,281.61,479,549,32
AP4-TY11,***Serialized*** AmpPRO for Select Toyota and Lexus vehicles with two 20-pin connectors Audio Output interface for vehicles with a digital audio system,609098826099,291.02,247.37,419,499,32
AP4-TY12,***Serialized*** AmpPRO for Select Toyota and Lexus vehicles with 28-pin 10-pin and 6-pin connectors Audio Output interface for vehicles,609098826112,291.02,247.37,419,499,32
AP4-TY13,***Serialized*** AmpPRO for Select Toyota and Lexus vehicles with 24-pin and 30-pin connectors Audio output interface for vehicles,609098828291,291.02,247.37,419,499,32
AP4-TY14,"***Serialized*** AmpPRO for Select Toyota and Lexus vehicles 2021-2024, Audio output interface for vehicles",609098907330,291.02,247.37,419,499,32
APA-TOS1,TOSLINK FIBER OPTICAL OUTPUT ADD-ON MODULE FOR AmpPRO FOR USE WITH AP4 AND AP5,609098823173,44.33,37.68,0,119,300
APH-CH01,18in Speaker Connection Harness for Select Chrysler Vehicles for use with AP4-CH21 AP4-CH31 or AP4-CH41,609098827416,45.6,38.76,0,109,100
APH-CH03,"18"" SPEAKER CONNECTION HARNESS ANC DEACTIVATION FOR CHRYLSER.   100 per case.  50 per inner",609098833530,34.79,29.57,0,89,100
APH-FD01,10ft. Speaker Connection Harness for Select Ford Vehicles For use with AP4-FD11 and AP4-FD21,609098827386,68.45,58.18,0,159,20
APH-FD02,SPEAKER CONNECTION HARNESS FOR USE WITH SELECT FORD VEHICLES WITH B&O AMPLIFIED AUDIO SYSTEMS,609098831376,32.33,27.48,0,79,100
APH-GM02,SPEAKER CONNECTION HARNESS FOR SELECT GM VEHICLES USE WITH AmpPRO.    50 per case,609098828420,45.6,38.76,0,109,50
APH-TY01,SPEAKER CONNECTION HARNESS FOR TOYOTA AND LEXUS VEHICLES,609098828482,45.6,38.76,0,109,75
APH-TY02,SPEAKER CONNECTION HARNESS FOR TOYOTA AND LEXUS VEHICLES,609098828499,45.6,38.76,0,109,60
APH-TY03,SPEAKER CONNECTION HARNESS FOR TOYOTA AND LEXUS VEHICLES,609098828505,45.6,38.76,0,109,100
APH-TY04,SPEAKER CONNECTION HARNESS FOR TOYOTA AND LEXUS VEHICLES,609098828512,45.6,38.76,0,109,60
APH-TY-KIT,KIT INCLUDES ONE EACH OF: APH-TY01 APH-TY02 APH-TY03 APH-TY04,609098832335,51.71,43.95,0,119,0
APSUB-CH21,***Serialized*** Subwoofer Amplifier Integration Interface for Select 2008-2015 Chrysler Dodge Jeep and RAM vehicles with amplified sound,609098834155,160.89,136.76,239,329,32
APSUB-CH41,***Serialized*** Subwoofer Amplifier Integration Interface for Select 2013-2019 Chrysler Dodge Jeep and RAM vehicles with amplified sound,609098834162,160.89,136.76,239,329,32
APSUB-CH42,***Serialized*** Subwoofer Amplifier Integration Interface for Select 2020-2023 Chrysler Dodge Jeep and RAM vehicles with amplified sound ,609098906487,160.89,136.76,239,329,32
APSUB-FD21,"***Serialized*** Subwoofer Amplifier Integration Interface for Select 2010-2017 Ford vehicles with 8.4"" Radio and Factory Sony Amplified System",609098834179,160.89,136.76,239,329,32
APSUB-GM61,***Serialized*** Subwoofer Amplifier Integration Interface for Select GM vehicles with 20-pin and 8-pin connectors (MOST50) Audio output interface for,609098834186,193.38,164.37,299,379,32
APSUB-TY12,***Serialized*** Subwoofer Amplifier Integration Interface for Select 2014+ Toyota and Lexus vehicles with Premium Amplified Sound Systems,609098834193,160.89,136.76,239,329,32
APSUB-TY13,Subwoofer Amplifier Integration,609098836319,160.89,136.76,239,329,32
AVS21,2 A/V INPUTS 1 A/V OUTPUT RCA SWITCHER,609098817257,57.1,48.54,0,149,100
BB-1PR,PAC BASS BLCKR 0-300HZ 4OHM 0-150HZ 8 OHM (2)BLUE,606523108324,13.85,11.77,0,29,100
BB-2PR,PAC BASS BLOCKER 0-600HZ 4OHM 0-300HZ 8 OHM (2) GREEN,606523108331,13.96,11.87,0,29,100
BB-3PR,PAC BASS BLCKR 0-800HZ 4OHM 0-400HZ 8OHM (2) YELLOW,606523108348,12.56,10.68,0,29,100
BB-4PR,PAC BASS BLOCKER 0-1.2KHZ 4OHM 0-600HZ 8OHM (2) ORANGE,606523108355,10.56,8.98,0,19,100
BB-5PR,PAC BASS BLOCKER 0-2.8KHZ 4OHM 0-1.4KHZ 8OHM (2) RED,606523108362,10.56,8.98,0,19,100
BB-6PR,PAC BASS BLOCKER 0-5.6KHZ 4OHM 0-2.8KHZ 8 OHM (2) BLACK,606523108379,10.56,8.98,0,19,100
BCI-CH21,BACK UP CAMERA INTERFACE FOR SELECT CHRYSLER VEHICLES,609098817141,303.89,258.31,0,799,10
BCI-CH41,BACK UP CAMERA INTERFACE BACK UP CAMERA INTERFACE FOR SELECT CHRYSLER VEHICLES (V2),609098815666,289.31,245.91,0,759,10
BCI-GM31,BACK UP CAMERA INTERFACE FOR SELECT GM VEHICLES,609098827195,303.89,258.31,0,799,4
BT-SWC-NI1,Bluetooth Steering Wheel Control Retention Harness for Select Nissan Vehicles Use when replacing the radio to use BT SWCs with,609098824958,24.23,20.6,0,59,125
C2R-AUDI,RADIO REPLACEMENT AUDI,606523108744,98.12,83.4,0,299,4
C2R-CHY4,RADIO REPLACEMENT             16 per case,606523107716,98.12,83.4,0,299,16
C2R-CHYNA,CHRYSLER CAN BUS VEHICLES RADIO BASE RADIO REPLACEMENT INTERFACE,606523106801,59.65,50.7,0,179,4
C2R-FRD1,RADIO REPLACEMENT 2007-08 FORD L/M MS CAN BUS VEHICLES,606523107266,98.12,83.4,0,299,16
C2R-GM11,RADIO REPLACEMENT FOR 2006-7 GM 11 BIT VEHICLES NON ONSTAR,606523107037,90.17,76.64,0,279,16
C2R-GM11B,RADIO REPLACEMENT 2004-7 GM 11 BIT VEHICLES WITH BLUE 24 PIN PLUG NON ONSTAR,606523107167,90.17,76.64,0,279,16
C2R-GM29,RADIO REPLACEMENT FOR 2007+ GM 29 BIT VEHICLES NON ONSTAR,606523107020,90.17,76.64,0,279,16
C2R-VW2,RADIO REPLACEMENT VW CAN BUS VEHICLES. DIRECT CONNECT TO SWI,606523108836,98.12,83.4,0,299,4
CAM-FD21,OEM reverse camera retention harness for select Ford vehicles for use with RadioPRO interface For vehicles with 54-pin connector,609098828123,17.1,14.54,0,39,200
CAM-GM51,OE reverse camera retention harness for use when replacing the radio. Can be used with LCGM51,609098825146,16.8,14.28,0,39,200
CAM-NI1,Provides Plug and Play Connection for Adding a Back-Up Camera to the OEM 4.3 Inch Radio Compatible with Select Nissan Vehicles,609098825993,38.96,33.12,0,99,125
CAM-TY11,TOYOTA REVERSE CAMERA HARNESS FOR 6.1 TOUCHSCREEN RADIOS,609098814423,38.96,33.12,0,99,200
CAM-TY12,REVERSE CAMERA HARNESS FOR SELECT TOYOTA AND SCION EQUIPPED WITH A 6.1 TOUCHSCREEN RADIOS,609098818469,38.96,33.12,0,99,200
CH-12PWRH,Ram/Jeep Accessory OE power outlet t-harness adapter,609098836562,19.77,16.8,0,49,100
CH1A-RSX,***Serialized*** radio replacement interface for Select Chrysler Dodge Jeep Vehicles,609098829069,144.45,122.78,259,349,16
CHYRVD,REAR SCREEN & VES DVD RETENTION CABLE FOR CHRYSLER/DODGE/JEEP,606523108966,29.08,24.72,0,79,100
CP1-FRD1,CANPRO P&P harness for Select Ford Vehicles 8-Pin Connector in Steering Column,609098902014,32.43,27.57,0,79,0
CP1-FRD2,CANPRO P&P harness for Select Ford Vehicles 24-Pin Connector at OBD2 Gateway Module,609098902113,32.43,27.57,0,79,100
CP1-FRD3,CANPRO P&P harness for Select Ford Vehicles 12-Pin Connector in Steering Column,609098902595,33.97,28.87,0,79,0
CP1-S,Universal CANbus interface,609098901475,64.86,55.13,0,149,0
CP1-S-FRD1,CANPRO interface W/ P&P harness for Select Ford Vehicles 8-Pin Connector in Steering Column,- None -,101.92,86.63,0,239,0
CP1-S-FRD2,CANPRO interface W/ P&P harness for Select Ford Vehicles 24-Pin Connector at OBD2 Gateway Module,- None -,97.3,82.71,0,229,0
CP1-S-TSL1,"CANPRO Interface Bundle w/ Plug & Play harness for 2019-2021 Tesla Model 3, & Y 26-Pin Connector at Back of Center Console",- None -,96.15,81.73,0,239,0
CP1-TSL1,"CANPRO P&P harness for 2019-2021 Tesla Model 3, & Y 26-Pin Connector at Back of Center Console",609098901499,32.43,27.57,0,79,100
CSS12,POWER LINE FILTER 12 VOLT 12 AMP,606523103916,17.14,14.57,0,39,140
GM1A-R,***Serialized*** RadioPRO Advanced Radio installation Adapter for GM Class-2 Vehicles. Retains Factory amplified systems and provides internal,609098826976,72.2,61.37,149,249,72
GM1A-RS,***Serialized*** RadioPRO Advanced Radio installation Adapter for GM Class-2 Vehicles. Retains Chimes Steering wheel controls and factory,609098826983,130.88,111.25,259,349,32
GM1A-RST,***Serialized*** RadioPRO Advanced Radio installation Adapter for GM Class 2 vehicles Retains Chimes OnStar Steering wheel controls and factory,609098826945,154.5,131.33,309,399,32
GM1A-RT,***Serialized*** RadioPRO Advanced Radio installation Adapter for GM Class 2 vehicles. Retains Chimes OnStar and factory amplified systems,609098826952,127.53,108.4,259,349,32
GM1A-RX,***Serialized*** RadioPRO Advanced Radio installation Adapter for GM Class-2 Vehicles. Retains chimes Factory amplified,609098826969,86.25,73.31,149,209,32
GM3A-RSTX,***Serialized*** radio replacement interface with Onstar retention for GM LAN 29-BIT vehicles,609098829076,174.49,148.32,309,399,16
GM6A-RST,*** SERIALIZED ***RadioPRO Advanced for GM - retain OnStar & with (or without) Bose (MOST50) Support ,609098905169,184.06,156.45,349,439,16
GMRVD,2007 GM SUV REAR VIDEO RETENTION CABLE,606523107013,32.72,27.81,0,89,25
GMRVD2,REAR VIDEO RETENTION CABLE USE W/ RP5-GM32 OR ADD MONITORS TO THE FACTORY RADIO,606523109369,32.72,27.81,0,89,25
HDK001X,RADIOPRO KIT RADIO REPLACEMENT INTERFACE WITH SWC RETENTION FOR HARLEY DAVIDSON,609098817660,101.09,85.93,0,249,4
HDMI-USB-CBL,3 FOOT EXTENSION CABLE,609098817134,29.08,24.72,0,79,50
IGN-3,Phantom Ignition Module for CAN-Bus and start-stop vehicles,609098829359,20.44,17.37,0,49,100
IR-X,INFRARED REMOTE EXTENDER,606523105231,27.09,23.03,0,69,100
JK11-SBSH1,Jeep Wrangler JK 2007-2018 speaker adapter bundle kit,609098904179,25.91,22.02,0,59,0
LC-1,REMOTE LEVEL CONTROL,606523104449,8.6,7.31,0,19,100
LC-2,HIGH/LOW VOLUME CONTROL,606523104517,22.46,19.09,0,49,100
LCCH11,RADIO REPLACEMENT INTERFACE FOR SELECT CHRYSLER VEHICLES,609098818063,65.96,56.07,0,189,100
LCCH21,RADIO REPLACEMENT INTERFACE FOR SELECT CHRYSLER VEHICLES,609098818070,65.96,56.07,0,189,100
LCGM24,RADIO REPLACEMENT FOR GM CLASS II VEHICLES CHIME RETENTION NON AMPLIFIED,606523109482,46.3,39.36,0,129,100
LCGM29,LOW COST RADIO REPLACEMENT CHIME RETENTION GM LAN 29BIT VEHICLES,609098814102,46.3,39.36,0,129,100
LCGM51,LOW-COST RADIO REPLACEMENT INTERFACE WITH CHIME RETENTION,609098815352,46.3,39.36,0,129,100
LCGM52,Loc Cost Radio Replacement Interface with Chime Retention GMC SIERRA CHEVROLET SILVERADO WITH 20 PIN AND 20 PIN HARNESSES,609098825016,46.3,39.36,0,129,100
LD-10,LINE DRIVER (10X),606523108195,38.93,33.09,0,89,100
LP3-2,LOCPRO 2 CHANNEL ADJUSTABLE HIGH POWER LOC WITH REMOVABLE HARNESS,606523109413,17.96,15.27,0,39,50
LP3-4,LOCPRO 4 CHANNEL ADJUSTABLE HIGH POWER LOC WITH REMOVABLE HARNESS,606523109420,31.46,26.74,0,69,50
LP7-2,LOCPRO 2 CHANNEL ADJUSTABLE HIGH POWER DIFFERENTIAL LOC W/ REMOVABLE HARNESS AND TURN ON,606523109451,26.96,22.92,0,59,50
LP7-2R,L.O.C. PRO 2CH HIGH POWER LINE OUTPUT CONVERTER WITH REMOTE LEVEL CONTROL,609098814218,41.98,35.68,0,99,50
LP7-4,LOCPRO 4 CHANNEL ADJUSTABLE HIGH POWER DIFFERENTIAL LOC/W REMOVABLE HARNESS AND TURN ON,606523109468,41.98,35.68,0,99,50
LPA-2.2,***Serialized*** 2 CH LOCPRO Advanced Line Output Converter LOCPRO ADVANCED LPA-2.2,609098834858,50.76,43.15,119,159,40
LPA-2.4,***Serialized*** 4Ch LOCPRO Advanced Line Output Con LOCPRO ADVANCED LPA-2.4,609098834803,52.59,44.7,139,179,40
LPA-E.4,***Serialized*** 4 Ch LOCPRO Advanced Expert Line,609098834827,74.2,63.07,159,209,40
LPA-REM,Bass Remote Control for LPA-2.2 &,609098834810,12.26,10.42,0,29,250
LPGL-2,LOCPRO UNIVERSAL GROUND LOOP ISOLATOR REVERSABLE HARNESS FOR USE AT RADIO OR AMPLIFIER OR 3.5MM.           50 Per Case,606523109475,23.56,20.03,0,59,50
LPHCH21,"Vehicle Specifc Audio Integration T-Harness 2007-2020 Non-Amplified Chrysler, Dodge, Jeep 22-Pin Radio Connector",609098900454,46.95,39.91,0,109,100
LPHCH41,"Vehicle Specific Audio Integration T-Harness 2013+ Non-Amplified Chrysler, Dodge, Jeep 52-Pin Radio Connector",609098837774,54.74,46.53,0,129,0
LPHCH42,Vehicle Specific Audio Integration T-Harness 2021+ Non-Amplified Chrysler with UConnect 5 12-Pin Radio Connector,609098902335,45.15,38.38,0,109,0
LPHEXT17,LPH Speaker Harness Extension Speaker High-Level Input & Output  17 Feet in Length Can be used with all LPH harnesses minus TSL01 ,609098902199,60.72,51.61,0,139,25
LPHFD21,Vehicle Specific Audio Integration T-Harness 2011-2020 Non-Amplified Ford 24-Pin Radio Connector,609098900461,46.95,39.91,0,109,0
LPHFD31,Vehicle Specific Audio Integration T-Harness 2018-2022 Non-Amplified Ford 32-Pin Connector,609098900478,46.95,39.91,0,109,100
LPHGM51,Vehicle Specific Audio Integration T-Harness 2014-2019 Non-Amplified GM Vehicles IO5 / IO6 Infotainment System ,609098900485,46.95,39.91,0,109,100
LPHGM52,Vehicle Specific Audio Integration T-Harness 2016-2019 Non-Amplified GM Vehicles  IOA/IOB Infotainment System,609098900492,46.95,39.91,0,109,100
LPHGM71,Vehicle Specific Audio Integration T-Harness 2019+ Non-Amplified GM Vehicles  IOR Infotainment System,609098837781,64.17,54.54,0,149,0
LPHGM72,Vehicle Specific Audio Integration T-Harness 2019-2022 IOS / IOT Non-Amplified GM Vehicles 28 & 28 - Pin Radio Connectors,609098902359,63.81,54.24,0,149,75
LPHHD02,Vehicle Specific Audio Integration T-Harness 2006-2011 Non-Amplified Honda  17-Pin Radio Connector,609098901390,45.15,38.38,0,109,0
LPHHD03,"Vehicle Specific Audio Integration T-Harness 2008-2021 Non-Amplified Honda, Acura  24-Pin Radio Connector",609098901406,45.15,38.38,0,109,0
LPHHD04,Vehicle Specific Audio Integration T-Harness 2016-2021 Non-Amplified Honda  24-Pin Radio Connector,609098901413,45.15,38.38,0,109,0
LPHHY03,"Vehicle Specific Audio Integration T-Harness 2009-2015 Non-Amplified Hyundai, Kia  16-Pin Radio Connector ",609098901369,45.15,38.38,0,109,0
LPHHY04,"Vehicle Specific Audio Integration T-Harness 2010-2018 Non-Amplified Hyundai, Kia  18 & 24-Pin Radio Connector ",609098901376,50.77,43.15,0,119,0
LPHHY06,"Vehicle Specific Audio Integration T-Harness 2017-2020 Non-Amplified Hyundai, Kia  35 & 38-Pin Radio Connector",609098901383,45.15,38.38,0,109,0
LPHNI03,"Vehicle Specific Audio Integration T-Harness 2002-2020 Non-Amplified Infiniti, Nissan, Subaru 20-Pin Radio Connector ",609098900508,46.95,39.91,0,109,100
LPHTSL01,Vehicle Specific Audio Integration T-Harness for Tesla Model 3 / Y Vehicles,609098901437,59.35,50.45,0,139,50
LPHTY01,Vehicle Specific Audio Integration T-Harness Non-Amplified Toyota Vehicles With BHA1761 Connector,609098837798,54.74,46.53,0,129,0
LPHTY02,Vehicle Specific Audio Integration T-Harness 2019+ Non-Amplified Toyota Vehicles 10-Pin and 28-Pin Radio Connectors,609098837804,54.74,46.53,0,129,0
LPHVW01,Vehicle Specific Audio Integration T-Harness 2001-2017 European Vehicles 16-Pin Radio Connector,609098901420,55.45,47.13,0,129,50
LPHVW02,Vehicle Specific Audio Integration T-Harness 2015-2021 Volkswagen Vehicles 54-Pin Radio Connector ,609098902342,54.74,46.53,0,129,0
LR335,"33 OHM SANDSTONE RESISTOR, PACK OF 5",609098829083,3.47,2.95,0,9,400
MAZATO,RADIO REPLACEMENT 2006-12 MAZDA CX7 CX9 AMP TURN ON,606523107587,77.23,65.65,0,199,4
MBBY1,MOUNT FOR BEST BUY SOUND BOARD DISPLAY,- None -,7.54,6.41,0,19,0
MHDMIUSBC,3 Foot USB-C / HDMI-D to USB-C / HDMI Extension Cable With Dash Mount Includes Rubber Cover,609098901468,17.69,15.04,29,39,40
NU-CTS2,NAVIGATION UNLOCK INTEGRATION INTERFACE FOR CADILLAC CTS  DISCLAIMER: UNDER NO CIRCUMSTANCES,606523108850,303.18,257.7,0,789,4
NU-GM3,NAVIGATION UNLOCK INTEGRATION INTERFACE FOR GM LAN 29 BIT VEHICLES WITH 44 PIN CONNECTOR DISCLAIMER: UNDER NO CIRCUMSTANCES,606523108867,303.18,257.7,0,789,4
NU-GM51,NAVIGATION UNLOCK FOR GM29 BIT V2 DATABUS SYSTEMS,609098816601,303.18,257.7,0,789,4
OS-2C-CTSX,GM OnStar interface 2003-2007 Cadillac CTS with or w/o Bose. vehicles with 16-pin and 20-pin connectors. Built in chime module.,609098825818,124.78,106.06,0,329,16
OS2-GM32X,GM OnStar interface 2000-2005 Cadillac automobiles with or w/o Bose. Vehicles with 32-pin connector.,609098825801,124.78,106.06,0,329,16
OS-2X,CLASS II CHIME RETENTION MODULE W/ 10A ACC. NAV OUTPUTS ONSTAR/BOSE AND SWC READY,609098814478,124.78,106.06,0,329,16
OS-5,ONSTAR RADIO REPLACEMENT INTERFACE FOR SELECT 29-BIT LAN,609098813655,163.82,139.25,0,429,16
PACCAT2020,2020 PAC PRODUCT CATALOG,- None -,4.19,3.56,0,9,40
PAC-UP,PAC USB UPDATER IN RETAIL PACKAGE,606523108942,59.01,50.16,0,139,48
PCF10,10 AMP CHOKE FILTER,609098042642,13.93,11.84,0,29,200
PF-2,LARGE FAN,606523104272,35.9,30.52,0,79,30
PIOAC25,2.5MM MALE TO 3.5MM MALE EXTENSION CABLE,606523106771,6.55,5.57,0,19,100
PLBREMK,L-Braket for Remote knob for LPA-REM / Replacement part,- None -,3.85,3.27,0,9,0
RAD-MAZ,MAZDA HARNESS FOR MAZATO,- None -,5.29,4.5,0,9,250
ROEM-FRD1,94-99 MACH SYSTEM/89-95 FORD JBL KIT,606523105422,48.33,41.08,0,129,4
ROEM-FRD2,96-98 FORD JBL & MACH SYSTEM KIT,606523105439,48.33,41.08,0,129,4
ROEM-FRD3,SELECT 98-2003 FORD/LINCOLN CABLE LIMITED CAR KIT,606523105446,48.33,41.08,0,129,4
ROEM-GM21,88 & UP GM KIT,606523105491,48.33,41.08,0,129,4
ROEM-GM21A,99-01 GM SUV KIT,606523105507,48.33,41.08,0,129,4
ROEM-NIS1,89-94 NISSAN W/BOSE KIT,606523105453,48.33,41.08,0,129,4
ROEM-NIS2,95-08 SELECT NISSAN W/BOSE KIT,606523105460,48.33,41.08,0,129,4
ROEM-VET1,97-01 CORVETTE KIT,606523105552,48.33,41.08,0,129,4
RP3.2-TY11,***Serialized*** RadioPRO 3 Radio Replacement Interface for Select Toyota Lexus and Scion vehicles,609098824705,72.92,61.98,129,179,10
RP3-GM11,RADIO PRO3 CLASS II CHIME RETENTION MODULE W/10A ACC. NAV OUTPUTS. SWC READY (C2R-GM24 REPLACEMENT),606523109376,86.2,73.27,0,219,16
RP3-GM12,RADIO PRO3 CLASS II CHIME RETENTION MODULE W/10A ACCESSORY EQUINOX,606523109390,86.2,73.27,0,219,16
RP3-GM13,RADIO PRO3 CLASS II CHIME RETENTION MODULE W/10A ACCESSORY DOCK/LOCK CONNECTOR,606523109406,86.2,73.27,0,219,16
RP4.2-BM21,***Serialized*** RADIOPRO4 RADIO REPLACEMENT INTERFACE WITH SWC RETENTION,609098816618,153.14,130.17,0,379,10
RP4.2-HY11,***Serialized*** RADIO REPLACEMENT INTERFACE WITH SWC RETENTION FOR HYUNDAI,609098816588,153.14,130.17,0,379,10
RP4.2-HY12,***Serialized*** RADIOPRO RADIO REPLACEMENT INTERFACE WITH SWC RETENTION FOR VELOSTER,609098816595,153.14,130.17,0,379,10
RP4.2-MB11,"***Serialized*** RADIOPRO4 RADIO REPLACEMENT INTERFACE WITH SWC RETENTION FOR SELECT MERCEDES BENZ VEHICLES FOR NON ""RADIO-DELETE"" VEHICLES",609098821681,144.48,122.81,249,359,10
RP4.2-TY11,***Serialized*** RADIOPRO RADIO REPLACEMENT INTERFACE WITH SWC RETENTION FOR TOYOTA,609098817400,153.14,130.17,0,379,10
RP4.2TY13,RADIOPRO RADIO REPLACEMENT INTERFACE WITH SWC RETENTION FOR TOYOTA,609098901093,147.25,125.16,0,369,0
RP4-AD11,RADIOPRO4 INTERFACE FOR AUDI VEHICLES WITH CAN BUS,606523109185,153.14,130.17,0,379,16
RP4-CH11,RADIOPRO4 INTERFACE FOR CHRYSLER VEHICLES WITH CAN-BUS,- None -,150.24,127.7,0,379,16
RP4-CH21,RADIOPRO RADIO REPLACEMENT INTERFACE FOR SELECT VEHICLES WITH MS CAN-BUS AND 52-PIN DOCK & LOCK HARNESS,609098814706,153.14,130.17,0,379,16
RP4-FD11,RADIOPRO4 INTERFACE FOR FORD VEHICLES WITH CAN BUS,606523109154,150.24,127.7,0,379,16
RP4-GM11,RADIO PRO4 CLASS II CHIME RETENTION MODULE. NAV OUTPUTS BOSE AND SWI INCLUDED,606523109321,137.07,116.51,0,339,16
RP4-GM31,RADIOPRO4 INTERFACE FOR GENERAL MOTORS VEHICLES WITH GM LAN 29 BIT DATA-BUS,606523109147,150.24,127.7,0,379,16
RP4-GM32,RADIOPRO4 INTERFACE FOR GM 29 BIT VEHICLES W/44PIN CONN NON ONSTAR,606523109338,153.14,130.17,0,379,16
RP4-GM41,RADIOPRO4 INTERFACE FOR GENERAL MOTORS VEHICLES WITH GM LAN 29 BIT V2 DATA-BUS WITH 44 PIN CONNECTOR,606523109307,153.14,130.17,0,379,4
RP4-HD11,RADIOPRO4 INTERFACE FOR HONDA VEHICLES WITH MSCAN,606523109383,153.14,130.17,0,379,16
RP4-MZ11,RADIOPRO4 INTERFACE FOR MAZDA VEHICLES WITH CAN BUS,606523109239,153.14,130.17,0,379,16
RP4-NI11,RADIOPRO4 INTERFACE FOR NISSAN VEHICLES WITH CAN,609098813747,153.14,130.17,0,379,16
RP4-NI13,RADIOPRO RADIO REPLACEMENT INTERFACE WITH SWC RETENTION FOR NISSAN,609098902137,147.25,125.16,0,369,16
RP4-VW11,RADIOPRO4 INTERFACE FOR VW VEHICLES WITH CAN-BUS,- None -,153.14,130.17,0,379,16
RP5-GM11,RADIO PRO5 CLASS II CHIME RETENTION MODULE W/10A ACC. NAV OUTPUTS ONSTAR/BOSE AND SWI INCLUDED,- None -,160,136,0,399,16
RP5-GM31,RADIOPRO5 INTERFACE FOR GENERAL MOTORS VEHICLES WITH GM LAN 29 BIT DATA-BUS ONSTAR AND STEERING WHEEL CONTROLS,- None -,179.41,152.5,0,449,16
RP5-GM32,RADIOPRO5 INTERFACE FOR GENERAL MOTORS VEHICLES WITH GM LAN 29 BIT DATA-BUS ONSTAR AND STEERING WHEEL CONTROLS WITH 44 PIN CONNECTOR.   16 Per case,606523109260,183.76,156.2,0,459,16
RP5-GM41,RADIOPRO5 INTERFACE FOR GENERAL MOTORS VEHICLES WITH GM LAN 29V2 BIT DATA-BUS ONSTAR AND STEERING WHEEL CONTROLS WITH 44 PIN,606523109314,183.76,156.2,0,459,16
RP5-GM51,RADIOPRO5 INTERFACE FOR 2014 GMC SIERRA AND SILVERADO RADIO REPLACEMENT WITH BUILT-IN STEERING CONTROL RETENTION,609098813891,183.76,156.2,0,459,16
RP5-GM61,RADIOPRO INTERFACE FOR GM VEHICLES WITH ONSTAR AND MOST50 BOSE AMP RETENTION,609098905176,188.7,160.4,0,469,16
RPA-16P5V,5 CAMERA INPUT HARNESS FOR USE WITH RPK4- FD2101,609098829427,21.38,18.17,0,59,200
RPA-KNOB1, CLIMATE CONTROL KNOB SET FOR CAMARO,609098829311,67.35,57.25,139,179,30
RPA-SPDIF,AMPLIFIER RETENTION MODULE FOR USE WITH RADIOPRO,609098817226,63.37,53.86,0,169,100
RPA-VA1,Differential to Single ended Composite Video Adapter,609098831307,21.81,18.54,0,59,200
RPK4-CH4101,"2013-2019 RAM Trucks (8.4"" radio) Integrated Dash kit",609098830836,458.57,389.78,0,999,6
RPK4-CH4102,***Serialized*** 2014-2019 Dodge Durango Integrated Dash kit,609098830843,458.57,389.78,0,999,4
RPK4-CH4103,***Serialized*** 2014-2019 Jeep Grand Cherokee Integrated Dash kit,609098830850,458.57,389.78,0,999,4
RPK4-FD2101,"***Serialized*** 2015-2019 FORD F-SERIES PICKUP (8"" radio) RADIO REPLACEMENT KIT WITH INTEGRATED CLIMATE CONTROLS",609098828451,500.69,425.59,0,999,10
RPK4-FD2201,***Serialized*** 2015-2016 FORD F-SERIES PICKUP COMPLETE RADIO REPLACEMENT KIT WITH INTEGRATED CLIMATE CONTROLS RADIOPRO4 RP4,609098824019,282.56,240.18,529,599,1
RPK4-HD1101,RADIO REPLACEMENT SOLUTION WITH INTEGRATED CLIMATE CONTROLS FOR 2003-2007 HONDA ACCORD,609098818964,291.24,247.55,629,699,9
RPK5-GM4101,***Serialized*** 2010-2015 CHEVROLET CAMARO RADIO REPLACEMENT SOLUTION WITH INTEGRATED CLIMATE CONTROLS,609098818704,328.9,279.57,689,749,4
RPK5-GM4102,***Serialized*** INTEGRATED RADIO REPLACEMENT KIT FOR CHEVY CAMARO 2010-2015,609098828314,380.12,323.1,689,749,4
SAT-01,factory satellite FAKRA antenna to an aftermarket satellite radio.,609098825832,13.19,11.21,0,29,300
SAT02,OEM Satellite Retention Cable For Select Toyota Vehicles,609098901451,11.16,9.49,19,29,0
SHB-CH03,JEEP JK / JL / JT Speaker connector adapter harness bundle  Dash and Door,609098902458,17.12,14.55,0,39,0
SHB-FD04,Speaker Harness Bundle for Select Ford Vehicles Includes Harness Pair for Midrange & Tweeter Fits Front or Rear Speaker Locations,609098902441,18.69,15.89,0,39,250
SNI-1,SIGNAL ISOLATOR,606523100007,9.92,8.43,0,19,100
SNI-1/3.5,GROUND LOOP ISOLATOR W/3.5MM PLUGS,606523105842,8.87,7.54,0,19,100
SNI-15,10:1 REDUCTION,606523100021,7.88,6.7,0,19,100
SNI-35,VARIABLE LINE CONV.,606523100038,8.67,7.37,0,19,100
SNI-50A,ADJUSTABLE HIGH POWER LINE OUTPUT CONVERTER 50 WATTS MAX,606523108539,19.46,16.54,0,49,96
SWI-ADAPT,TWO-WIRE WIRE RESISTIVE SWC ADAPTER FOR OTHER BRAND RADIOS,609098825887,16.18,13.75,0,39,100
SWI-CP2,***Serialized*** STEERING WHEEL CONTROL INTERFACE. CAN-BUS COMPATIBLE.,609098818582,54.06,45.95,99,149,24
SWI-CP5,STEERING WHEEL CONTROL ADAPTOR WITH BUILT IN CAN BUS. SMARTPHONE APP COMPATIBLE IPHONE AND ANDROID,609098813860,148.91,126.57,0,349,96
TATO,TOYOTA AMP TURN ON,606523107648,81.1,68.94,0,209,32
TL-PTG2,"TONE GENERATOR & POLARITY TESTER , EACH",606523109109,23.53,20,0,59,50
TL-RRF,FORD RADIO REMOVAL TOOL,606523108140,7.71,6.55,0,19,200
TR1,VIDEO LOCKOUT BYPASS TRIGGER DEVICE FOR OFF-ROAD/MARINE USE,609098818452,8.48,7.21,0,29,500
TR-4,LOW VOLTAGE TRIGGER,606523104913,16.15,13.73,0,39,500
TR7,UNIVERSAL TRIGGER OUTPUT MODULE,606523105637,35.65,30.3,0,79,100
TY1A-RS,***Serialized*** RADIOPRO ADVANCED FOR TOYOTA 01-16 WITH SWC AND ANTENNA ADAPT RP4.2-TY11 EQUIVALENT ELEV8 COMPATIBLE (FUTURE),609098832366,147.43,125.32,259,349,10
USBAUX3,MOUNTABLE USB AND AUX PORT RELOCATE WITH WATERPROOF COVER,609098831581,26.37,22.41,0,69,150
USBCDMA3,3 Foot USB-C Extension Cable  With Dash Mount,609098902182,20.11,17.09,39,59,100
USBCH1,"OEM USB Hub Replacement 2013+ Chrysler, Jeep, Dodge and RAM",609098900669,34.43,29.27,89,109,0
USBDMA1,12 INCH SHORT USB DASH MOUNT ADAPTOR CABLE. CONNECTS TO ANY STANDARD USB CABLE. USB TYPE A MALE TO USB TYPE A FEMALE EXTENSION,609098823562,9.66,8.21,0,29,100
USBDMA3,3 USB Dash-mount cable. USB type A Male to Female,609098827249,17.99,15.29,0,49,200
USBDMA6,USB DASH-MOUNT ADAPTOR CABLE. CABLE LENGTH 6 FOOT. CONNECTS TO ANY STANDARD USB CABLE. USB TYPE A MALE TO USB TYPE A,609098823579,17.99,15.29,0,49,100
USB-GM1,USB-GM1 OEM USB PORT RETENTION CABLE FOR GM AND CHRYSLER. FEMALE MINI USB TO STANDARD MALE USB.,609098816786,10.56,8.98,0,29,200
USB-HY1,USB PORT RETENTION CABLE FOR HYUNDAI AND KIA VEHICLES 2009 AND NEWER,609098813723,14.96,12.72,0,39,200
USB-NI1,USB PORT RETENTION CABLE FOR NISSAN VEHICLES 2011 AND NEWER W/ 8 PIN CONNECTOR,609098813709,13.93,11.84,0,39,200
USB-NI2,USB PORT RETENTION CABLE FOR NISSAN VEHICLES 2010 AND NEWER W/ 4 PIN CONNECTOR,609098813716,13.93,11.84,0,39,200
USB-TY1,USB PORT RETENTION CABLE FOR TOYOTA VEHICLES 2012 AND NEWER,609098813686,10.56,8.98,0,29,200
USB-TY2,USB PORT RETENTION CABLE FOR TOYOTA AND LEXUS VEHICLES 2010 AND NEWER,609098813693,10.56,8.98,0,29,200
USBTY3,OEM USB Retention Cable For Select Toyota Vehicles,609098901444,9.59,8.15,19,29,0
VOLT-39,SELECTABLE OUTPUT VOLTAGE REGULATOR FOR POWERING COMPONENTS REQUIRING 3.5 5 6 OR 9 VOLTS,609098822947,19.43,16.52,0,49,200
VR5,5PK OF 5K VARIABLE RESISTORS FOR SECURITY INTEGRATION,606523108393,25.16,21.39,0,59,500
VS41,VIDEO/CAMERA SWITCHER 4 IN/1 OUT WITH TURN SIGNAL SIDE CAM ACTIVATION DIRECT CONNECT TO SELECT BCI AND RP INTERFACES,609098819015,118.9,101.07,0,309,40
AP4-FD32,***Serialized*** Amplifier Integration Interface for Select Ford vehicles with Amplified System,609098908375,331.3,281.61,479,549,32
AP4-GM81,*** SERIALIZED*** GM A2B AmpPro,609098908368,331.3,281.61,479,549,
